Estacion;Fecha inicial;PM10
ZIPAQUIR - EFZ;2024-02-03 15:00;13.68
ZIPAQUIR - EFZ;2024-02-03 14:00;12.88
ZIPAQUIR - EFZ;2024-02-03 13:00;16.2
ZIPAQUIR - EFZ;2024-02-03 12:00;19.13
ZIPAQUIR - EFZ;2024-02-03 11:00;24.26
ZIPAQUIR - EFZ;2024-02-03 10:00;45.64
ZIPAQUIR - EFZ;2024-02-03 09:00;58.19
ZIPAQUIR - EFZ;2024-02-03 08:00;48.52
ZIPAQUIR - EFZ;2024-02-03 07:00;46.99
ZIPAQUIR - EFZ;2024-02-03 06:00;50.71
ZIPAQUIR - EFZ;2024-02-03 05:00;35.54
ZIPAQUIR - EFZ;2024-02-03 04:00;38.38
ZIPAQUIR - EFZ;2024-02-03 03:00;25.71
ZIPAQUIR - EFZ;2024-02-03 02:00;23.57
ZIPAQUIR - EFZ;2024-02-03 01:00;23.32
ZIPAQUIR - EFZ;2024-02-03 00:00;27.76
ZIPAQUIR - EFZ;2024-02-02 23:00;29.86
ZIPAQUIR - EFZ;2024-02-02 22:00;31.71
ZIPAQUIR - EFZ;2024-02-02 21:00;29.34
ZIPAQUIR - EFZ;2024-02-02 20:00;38.78
ZIPAQUIR - EFZ;2024-02-02 19:00;41.78
ZIPAQUIR - EFZ;2024-02-02 18:00;39.38
ZIPAQUIR - EFZ;2024-02-02 17:00;27.93
ZIPAQUIR - EFZ;2024-02-02 16:00;17.74
ZIPAQUIR - EFZ;2024-02-02 15:00;19.74
ZIPAQUIR - EFZ;2024-02-02 14:00;24.65
ZIPAQUIR - EFZ;2024-02-02 13:00;31.48
ZIPAQUIR - EFZ;2024-02-02 12:00;30.65
ZIPAQUIR - EFZ;2024-02-02 11:00;39.36
ZIPAQUIR - EFZ;2024-02-02 10:00;42.41
ZIPAQUIR - EFZ;2024-02-02 09:00;49.24
ZIPAQUIR - EFZ;2024-02-02 08:00;79.57
ZIPAQUIR - EFZ;2024-02-02 07:00;52.62
ZIPAQUIR - EFZ;2024-02-02 06:00;36.14
ZIPAQUIR - EFZ;2024-02-02 05:00;36.17
ZIPAQUIR - EFZ;2024-02-02 04:00;26.84
ZIPAQUIR - EFZ;2024-02-02 03:00;27.79
ZIPAQUIR - EFZ;2024-02-02 02:00;24.98
ZIPAQUIR - EFZ;2024-02-02 01:00;30.03
ZIPAQUIR - EFZ;2024-02-02 00:00;28.29
ZIPAQUIR - EFZ;2024-02-01 23:00;35.91
ZIPAQUIR - EFZ;2024-02-01 22:00;45.06
ZIPAQUIR - EFZ;2024-02-01 21:00;47.16
ZIPAQUIR - EFZ;2024-02-01 20:00;41.07
ZIPAQUIR - EFZ;2024-02-01 19:00;36.19
ZIPAQUIR - EFZ;2024-02-01 18:00;35.84
ZIPAQUIR - EFZ;2024-02-01 17:00;55.58
ZIPAQUIR - EFZ;2024-02-01 16:00;36.6
ZIPAQUIR - EFZ;2024-02-01 15:00;25.85
ZIPAQUIR - EFZ;2024-02-01 14:00;26.62
ZIPAQUIR - EFZ;2024-02-01 13:00;22.81
ZIPAQUIR - EFZ;2024-02-01 12:00;30.54
ZIPAQUIR - EFZ;2024-02-01 11:00;39.97
ZIPAQUIR - EFZ;2024-02-01 10:00;49.99
ZIPAQUIR - EFZ;2024-02-01 09:00;80.13
ZIPAQUIR - EFZ;2024-02-01 08:00;108.03
ZIPAQUIR - EFZ;2024-02-01 07:00;46.53
ZIPAQUIR - EFZ;2024-02-01 06:00;40.57
ZIPAQUIR - EFZ;2024-02-01 05:00;36.38
ZIPAQUIR - EFZ;2024-02-01 04:00;29.94
ZIPAQUIR - EFZ;2024-02-01 03:00;17.23
ZIPAQUIR - EFZ;2024-02-01 02:00;20.46
ZIPAQUIR - EFZ;2024-02-01 01:00;24.42
ZIPAQUIR - EFZ;2024-02-01 00:00;35.31
ZIPAQUIR - EFZ;2024-01-31 23:00;27.74
ZIPAQUIR - EFZ;2024-01-31 22:00;25.05
ZIPAQUIR - EFZ;2024-01-31 21:00;28.37
ZIPAQUIR - EFZ;2024-01-31 20:00;59.65
ZIPAQUIR - EFZ;2024-01-31 19:00;45.77
ZIPAQUIR - EFZ;2024-01-31 18:00;39.54
ZIPAQUIR - EFZ;2024-01-31 17:00;39.73
ZIPAQUIR - EFZ;2024-01-31 16:00;30.38
ZIPAQUIR - EFZ;2024-01-31 15:00;25.28
ZIPAQUIR - EFZ;2024-01-31 14:00;32.73
ZIPAQUIR - EFZ;2024-01-31 13:00;34.02
ZIPAQUIR - EFZ;2024-01-31 12:00;41.97
ZIPAQUIR - EFZ;2024-01-31 11:00;61.6
ZIPAQUIR - EFZ;2024-01-31 10:00;107.03
ZIPAQUIR - EFZ;2024-01-31 09:00;107.25
ZIPAQUIR - EFZ;2024-01-31 08:00;114.3
ZIPAQUIR - EFZ;2024-01-31 07:00;72.43
ZIPAQUIR - EFZ;2024-01-31 06:00;70.94
ZIPAQUIR - EFZ;2024-01-31 05:00;54.6
ZIPAQUIR - EFZ;2024-01-31 04:00;69.34
ZIPAQUIR - EFZ;2024-01-31 03:00;47.28
ZIPAQUIR - EFZ;2024-01-31 02:00;42.02
ZIPAQUIR - EFZ;2024-01-31 01:00;34.26
ZIPAQUIR - EFZ;2024-01-31 00:00;33.3
ZIPAQUIR - EFZ;2024-01-30 23:00;36.02
ZIPAQUIR - EFZ;2024-01-30 22:00;40.33
ZIPAQUIR - EFZ;2024-01-30 21:00;35.03
ZIPAQUIR - EFZ;2024-01-30 20:00;39.94
ZIPAQUIR - EFZ;2024-01-30 19:00;39.36
ZIPAQUIR - EFZ;2024-01-30 18:00;57.66
ZIPAQUIR - EFZ;2024-01-30 17:00;51.35
ZIPAQUIR - EFZ;2024-01-30 16:00;38.01
ZIPAQUIR - EFZ;2024-01-30 15:00;80.7
ZIPAQUIR - EFZ;2024-01-30 14:00;85.43
ZIPAQUIR - EFZ;2023-12-15 14:00;23.84
ZIPAQUIR - EFZ;2023-12-15 13:00;30.89
ZIPAQUIR - EFZ;2023-12-15 12:00;35.97
ZIPAQUIR - EFZ;2023-12-15 11:00;45.66
ZIPAQUIR - EFZ;2023-12-15 10:00;45.95
ZIPAQUIR - EFZ;2023-12-15 09:00;38.97
ZIPAQUIR - EFZ;2023-12-15 08:00;29.82
ZIPAQUIR - EFZ;2023-12-15 07:00;24.3
ZIPAQUIR - EFZ;2023-12-15 06:00;19.54
ZIPAQUIR - EFZ;2023-12-15 05:00;22.79
ZIPAQUIR - EFZ;2023-12-15 04:00;20.66
ZIPAQUIR - EFZ;2023-12-15 03:00;36.45
ZIPAQUIR - EFZ;2023-12-15 02:00;27.47
ZIPAQUIR - EFZ;2023-12-15 01:00;24.75
ZIPAQUIR - EFZ;2023-12-15 00:00;36.64
ZIPAQUIR - EFZ;2023-12-14 23:00;37.49
ZIPAQUIR - EFZ;2023-12-14 22:00;47.18
ZIPAQUIR - EFZ;2023-12-14 21:00;61.97
ZIPAQUIR - EFZ;2023-12-14 20:00;59.35
ZIPAQUIR - EFZ;2023-12-14 19:00;47.9
ZIPAQUIR - EFZ;2023-12-14 18:00;47.17
ZIPAQUIR - EFZ;2023-12-14 17:00;24.54
ZIPAQUIR - EFZ;2023-12-14 16:00;20.3
ZIPAQUIR - EFZ;2023-12-14 15:00;25.34
ZIPAQUIR - EFZ;2023-12-14 14:00;24.64
ZIPAQUIR - EFZ;2023-12-14 13:00;24.11
ZIPAQUIR - EFZ;2023-12-14 12:00;74.89
ZIPAQUIR - EFZ;2023-12-14 11:00;54.37
ZIPAQUIR - EFZ;2023-12-14 10:00;60.4
ZIPAQUIR - EFZ;2023-12-14 09:00;85.94
ZIPAQUIR - EFZ;2023-12-14 08:00;40.39
ZIPAQUIR - EFZ;2023-12-14 07:00;48.93
ZIPAQUIR - EFZ;2023-12-14 06:00;69.66
ZIPAQUIR - EFZ;2023-12-14 05:00;41.69
ZIPAQUIR - EFZ;2023-12-14 04:00;43.91
ZIPAQUIR - EFZ;2023-12-14 03:00;22.4
ZIPAQUIR - EFZ;2023-12-14 02:00;30.17
ZIPAQUIR - EFZ;2023-12-14 01:00;25.96
ZIPAQUIR - EFZ;2023-12-14 00:00;24.0
ZIPAQUIR - EFZ;2023-12-13 23:00;32.57
ZIPAQUIR - EFZ;2023-12-13 22:00;28.04
ZIPAQUIR - EFZ;2023-12-13 21:00;23.97
ZIPAQUIR - EFZ;2023-12-13 20:00;33.81
ZIPAQUIR - EFZ;2023-12-13 19:00;39.21
ZIPAQUIR - EFZ;2023-12-13 18:00;62.1
ZIPAQUIR - EFZ;2023-12-13 17:00;31.97
ZIPAQUIR - EFZ;2023-12-13 16:00;55.39
ZIPAQUIR - EFZ;2023-12-13 15:00;52.05
ZIPAQUIR - EFZ;2023-12-13 14:00;60.77
ZIPAQUIR - EFZ;2023-12-13 13:00;26.09
ZIPAQUIR - EFZ;2023-12-13 12:00;77.6
ZIPAQUIR - EFZ;2023-12-13 11:00;40.26
ZIPAQUIR - EFZ;2023-12-13 09:00;113.94
ZIPAQUIR - EFZ;2023-12-13 08:00;85.5
ZIPAQUIR - EFZ;2023-12-13 07:00;64.94
ZIPAQUIR - EFZ;2023-12-13 06:00;80.1
ZIPAQUIR - EFZ;2023-12-13 05:00;57.33
ZIPAQUIR - EFZ;2023-12-13 04:00;29.36
ZIPAQUIR - EFZ;2023-12-13 03:00;35.02
ZIPAQUIR - EFZ;2023-12-13 02:00;37.36
ZIPAQUIR - EFZ;2023-12-13 01:00;15.52
ZIPAQUIR - EFZ;2023-12-13 00:00;19.89
ZIPAQUIR - EFZ;2023-12-12 23:00;19.63
ZIPAQUIR - EFZ;2023-12-12 22:00;29.41
ZIPAQUIR - EFZ;2023-12-12 21:00;53.23
ZIPAQUIR - EFZ;2023-12-12 19:00;34.04
ZIPAQUIR - EFZ;2023-12-12 18:00;23.05
ZIPAQUIR - EFZ;2023-12-12 17:00;18.88
ZIPAQUIR - EFZ;2023-12-12 16:00;20.08
ZIPAQUIR - EFZ;2023-12-12 15:00;37.24
ZIPAQUIR - EFZ;2023-12-12 14:00;120.1
ZIPAQUIR - EFZ;2023-12-12 13:00;109.6
ZIPAQUIR - EFZ;2023-12-12 12:00;112.25
ZIPAQUIR - EFZ;2023-12-12 11:00;86.78
ZIPAQUIR - EFZ;2023-12-12 10:00;70.07
ZIPAQUIR - EFZ;2023-12-12 09:00;111.72
ZIPAQUIR - EFZ;2023-12-12 08:00;132.19
ZIPAQUIR - EFZ;2023-12-12 07:00;62.12
ZIPAQUIR - EFZ;2023-12-12 06:00;47.63
ZIPAQUIR - EFZ;2023-12-12 05:00;56.55
ZIPAQUIR - EFZ;2023-12-12 04:00;46.74
ZIPAQUIR - EFZ;2023-12-12 03:00;51.57
ZIPAQUIR - EFZ;2023-12-12 02:00;43.66
ZIPAQUIR - EFZ;2023-12-12 01:00;57.71
ZIPAQUIR - EFZ;2023-12-12 00:00;77.06
ZIPAQUIR - EFZ;2023-12-11 23:00;59.99
ZIPAQUIR - EFZ;2023-12-11 22:00;52.79
ZIPAQUIR - EFZ;2023-12-11 21:00;29.35
ZIPAQUIR - EFZ;2023-12-11 20:00;26.31
ZIPAQUIR - EFZ;2023-12-11 19:00;61.6
ZIPAQUIR - EFZ;2023-12-11 18:00;89.53
ZIPAQUIR - EFZ;2023-12-11 17:00;37.43
ZIPAQUIR - EFZ;2023-12-11 16:00;52.95
ZIPAQUIR - EFZ;2023-12-11 15:00;44.32
ZIPAQUIR - EFZ;2023-12-11 14:00;23.08
ZIPAQUIR - EFZ;2023-12-11 13:00;34.2
ZIPAQUIR - EFZ;2023-12-11 12:00;41.63
ZIPAQUIR - EFZ;2023-12-11 10:00;16.7
ZIPAQUIR - EFZ;2023-12-11 09:00;31.06
ZIPAQUIR - EFZ;2023-12-11 08:00;55.49
ZIPAQUIR - EFZ;2023-12-11 07:00;38.2
ZIPAQUIR - EFZ;2023-12-11 06:00;33.2
ZIPAQUIR - EFZ;2023-12-11 05:00;18.56
ZIPAQUIR - EFZ;2023-12-11 04:00;18.6
ZIPAQUIR - EFZ;2023-12-11 03:00;16.46
ZIPAQUIR - EFZ;2023-12-11 02:00;19.0
ZIPAQUIR - EFZ;2023-12-11 01:00;16.9
ZIPAQUIR - EFZ;2023-12-11 00:00;18.36
ZIPAQUIR - EFZ;2023-12-10 23:00;18.38
ZIPAQUIR - EFZ;2023-12-10 22:00;11.88
ZIPAQUIR - EFZ;2023-12-10 21:00;17.09
ZIPAQUIR - EFZ;2023-12-10 20:00;13.57
ZIPAQUIR - EFZ;2023-12-10 19:00;11.7
ZIPAQUIR - EFZ;2023-12-10 18:00;5.0
ZIPAQUIR - EFZ;2023-12-10 10:00;5.88
ZIPAQUIR - EFZ;2023-12-10 04:00;8.38
ZIPAQUIR - EFZ;2023-12-10 02:00;9.33
ZIPAQUIR - EFZ;2023-12-10 01:00;18.1
ZIPAQUIR - EFZ;2023-12-10 00:00;18.63
ZIPAQUIR - EFZ;2023-12-09 22:00;24.52
ZIPAQUIR - EFZ;2023-12-09 21:00;31.55
ZIPAQUIR - EFZ;2023-12-09 20:00;20.15
ZIPAQUIR - EFZ;2023-12-09 19:00;13.48
ZIPAQUIR - EFZ;2023-12-09 18:00;8.39
ZIPAQUIR - EFZ;2023-12-09 17:00;5.36
ZIPAQUIR - EFZ;2023-12-09 15:00;4.78
ZIPAQUIR - EFZ;2023-12-09 14:00;5.88
ZIPAQUIR - EFZ;2023-12-09 13:00;12.23
ZIPAQUIR - EFZ;2023-12-09 12:00;13.39
ZIPAQUIR - EFZ;2023-12-09 11:00;16.36
ZIPAQUIR - EFZ;2023-12-09 10:00;13.58
ZIPAQUIR - EFZ;2023-12-09 09:00;17.51
ZIPAQUIR - EFZ;2023-12-09 08:00;26.11
ZIPAQUIR - EFZ;2023-12-09 07:00;25.14
ZIPAQUIR - EFZ;2023-12-09 06:00;20.78
ZIPAQUIR - EFZ;2023-12-09 05:00;12.19
ZIPAQUIR - EFZ;2023-12-09 03:00;12.95
ZIPAQUIR - EFZ;2023-12-09 02:00;18.1
ZIPAQUIR - EFZ;2023-12-09 01:00;26.5
ZIPAQUIR - EFZ;2023-12-09 00:00;39.45
ZIPAQUIR - EFZ;2023-12-08 23:00;40.0
ZIPAQUIR - EFZ;2023-12-08 22:00;35.35
ZIPAQUIR - EFZ;2023-12-08 21:00;34.44
ZIPAQUIR - EFZ;2023-12-08 20:00;30.53
ZIPAQUIR - EFZ;2023-12-08 19:00;26.61
ZIPAQUIR - EFZ;2023-12-08 18:00;15.61
ZIPAQUIR - EFZ;2023-12-08 17:00;13.05
ZIPAQUIR - EFZ;2023-12-08 16:00;11.79
ZIPAQUIR - EFZ;2023-12-08 15:00;9.11
ZIPAQUIR - EFZ;2023-12-08 14:00;7.8
ZIPAQUIR - EFZ;2023-12-08 13:00;6.22
ZIPAQUIR - EFZ;2023-12-08 12:00;6.32
ZIPAQUIR - EFZ;2023-12-08 09:00;18.06
ZIPAQUIR - EFZ;2023-12-08 08:00;29.61
ZIPAQUIR - EFZ;2023-12-08 05:00;45.22
ZIPAQUIR - EFZ;2023-12-08 04:00;49.15
ZIPAQUIR - EFZ;2023-12-08 03:00;37.06
ZIPAQUIR - EFZ;2023-12-08 02:00;30.77
ZIPAQUIR - EFZ;2023-12-08 01:00;36.66
ZIPAQUIR - EFZ;2023-12-08 00:00;41.93
ZIPAQUIR - EFZ;2023-12-07 23:00;51.6
ZIPAQUIR - EFZ;2023-12-07 21:00;52.3
ZIPAQUIR - EFZ;2023-12-07 20:00;27.81
ZIPAQUIR - EFZ;2023-12-07 19:00;17.96
ZIPAQUIR - EFZ;2023-12-07 18:00;12.19
ZIPAQUIR - EFZ;2023-12-07 17:00;14.27
ZIPAQUIR - EFZ;2023-12-07 16:00;17.65
ZIPAQUIR - EFZ;2023-12-07 15:00;18.85
ZIPAQUIR - EFZ;2023-12-07 14:00;37.32
ZIPAQUIR - EFZ;2023-12-07 13:00;23.88
ZIPAQUIR - EFZ;2023-12-07 12:00;32.5
ZIPAQUIR - EFZ;2023-12-07 11:00;33.95
ZIPAQUIR - EFZ;2023-12-07 10:00;41.22
ZIPAQUIR - EFZ;2023-12-07 09:00;78.53
ZIPAQUIR - EFZ;2023-12-07 08:00;97.88
ZIPAQUIR - EFZ;2023-12-07 07:00;118.73
ZIPAQUIR - EFZ;2023-12-07 06:00;82.31
ZIPAQUIR - EFZ;2023-12-07 05:00;43.17
ZIPAQUIR - EFZ;2023-12-07 04:00;43.43
ZIPAQUIR - EFZ;2023-12-07 03:00;44.79
ZIPAQUIR - EFZ;2023-12-07 02:00;53.84
ZIPAQUIR - EFZ;2023-12-07 01:00;23.43
ZIPAQUIR - EFZ;2023-12-07 00:00;31.34
ZIPAQUIR - EFZ;2023-12-06 23:00;34.61
ZIPAQUIR - EFZ;2023-12-06 22:00;43.04
ZIPAQUIR - EFZ;2023-12-06 21:00;40.62
ZIPAQUIR - EFZ;2023-12-06 20:00;29.69
ZIPAQUIR - EFZ;2023-12-06 19:00;41.52
ZIPAQUIR - EFZ;2023-12-06 18:00;85.66
ZIPAQUIR - EFZ;2023-12-06 17:00;26.58
ZIPAQUIR - EFZ;2023-12-06 16:00;26.35
ZIPAQUIR - EFZ;2023-12-06 15:00;27.29
ZIPAQUIR - EFZ;2023-12-06 14:00;14.3
ZIPAQUIR - EFZ;2023-12-06 13:00;16.37
ZIPAQUIR - EFZ;2023-12-06 12:00;35.9
ZIPAQUIR - EFZ;2023-12-06 11:00;28.09
ZIPAQUIR - EFZ;2023-12-06 10:00;27.6
ZIPAQUIR - EFZ;2023-12-06 09:00;68.34
ZIPAQUIR - EFZ;2023-12-06 08:00;110.01
ZIPAQUIR - EFZ;2023-12-06 07:00;90.99
ZIPAQUIR - EFZ;2023-12-06 06:00;79.37
ZIPAQUIR - EFZ;2023-12-06 05:00;35.01
ZIPAQUIR - EFZ;2023-12-06 04:00;47.69
ZIPAQUIR - EFZ;2023-12-06 03:00;49.85
ZIPAQUIR - EFZ;2023-12-06 02:00;53.13
ZIPAQUIR - EFZ;2023-12-06 01:00;70.75
ZIPAQUIR - EFZ;2023-12-06 00:00;44.06
ZIPAQUIR - EFZ;2023-12-05 23:00;32.93
ZIPAQUIR - EFZ;2023-12-05 22:00;40.03
ZIPAQUIR - EFZ;2023-12-05 21:00;23.33
ZIPAQUIR - EFZ;2023-12-05 20:00;40.01
ZIPAQUIR - EFZ;2023-12-05 19:00;42.7
ZIPAQUIR - EFZ;2023-12-05 18:00;31.77
ZIPAQUIR - EFZ;2023-12-05 17:00;17.35
ZIPAQUIR - EFZ;2023-12-05 16:00;16.92
ZIPAQUIR - EFZ;2023-12-05 15:00;45.6
ZIPAQUIR - EFZ;2023-12-05 14:00;31.37
ZIPAQUIR - EFZ;2023-12-05 13:00;105.91
ZIPAQUIR - EFZ;2023-12-05 12:00;117.78
ZIPAQUIR - EFZ;2023-12-05 11:00;118.86
ZIPAQUIR - EFZ;2023-12-05 10:00;137.92
ZIPAQUIR - EFZ;2023-12-05 09:00;149.39
ZIPAQUIR - EFZ;2023-12-05 08:00;101.32
ZIPAQUIR - EFZ;2023-12-05 07:00;58.46
ZIPAQUIR - EFZ;2023-12-05 06:00;31.64
ZIPAQUIR - EFZ;2023-12-05 05:00;33.0
ZIPAQUIR - EFZ;2023-12-05 04:00;71.95
ZIPAQUIR - EFZ;2023-12-05 03:00;53.49
ZIPAQUIR - EFZ;2023-12-05 02:00;50.19
ZIPAQUIR - EFZ;2023-12-05 01:00;76.4
ZIPAQUIR - EFZ;2023-12-05 00:00;51.41
ZIPAQUIR - EFZ;2023-12-04 23:00;40.38
ZIPAQUIR - EFZ;2023-12-04 22:00;37.54
ZIPAQUIR - EFZ;2023-12-04 21:00;39.33
ZIPAQUIR - EFZ;2023-12-04 20:00;69.36
ZIPAQUIR - EFZ;2023-12-04 19:00;109.71
ZIPAQUIR - EFZ;2023-12-04 18:00;78.92
ZIPAQUIR - EFZ;2023-12-04 17:00;84.98
ZIPAQUIR - EFZ;2023-12-04 16:00;59.48
ZIPAQUIR - EFZ;2023-12-04 15:00;40.69
ZIPAQUIR - EFZ;2023-12-04 14:00;15.06
ZIPAQUIR - EFZ;2023-12-04 13:00;22.09
ZIPAQUIR - EFZ;2023-12-04 12:00;20.65
ZIPAQUIR - EFZ;2023-12-04 11:00;51.75
ZIPAQUIR - EFZ;2023-12-04 10:00;27.51
ZIPAQUIR - EFZ;2023-12-04 09:00;38.01
ZIPAQUIR - EFZ;2023-12-04 08:00;74.69
ZIPAQUIR - EFZ;2023-12-04 07:00;50.35
ZIPAQUIR - EFZ;2023-12-04 06:00;51.83
ZIPAQUIR - EFZ;2023-12-04 05:00;34.24
ZIPAQUIR - EFZ;2023-12-04 04:00;25.53
ZIPAQUIR - EFZ;2023-12-04 03:00;36.48
ZIPAQUIR - EFZ;2023-12-04 02:00;29.18
ZIPAQUIR - EFZ;2023-12-04 01:00;29.07
ZIPAQUIR - EFZ;2023-12-04 00:00;25.36
ZIPAQUIR - EFZ;2023-12-03 23:00;25.69
ZIPAQUIR - EFZ;2023-12-03 22:00;25.73
ZIPAQUIR - EFZ;2023-12-03 21:00;23.53
ZIPAQUIR - EFZ;2023-12-03 20:00;22.35
ZIPAQUIR - EFZ;2023-12-03 19:00;28.79
ZIPAQUIR - EFZ;2023-12-03 18:00;24.02
ZIPAQUIR - EFZ;2023-12-03 17:00;23.09
ZIPAQUIR - EFZ;2023-12-03 16:00;12.66
ZIPAQUIR - EFZ;2023-12-03 15:00;10.73
ZIPAQUIR - EFZ;2023-12-03 14:00;20.9
ZIPAQUIR - EFZ;2023-12-03 13:00;19.29
ZIPAQUIR - EFZ;2023-12-03 12:00;25.42
ZIPAQUIR - EFZ;2023-12-03 11:00;38.21
ZIPAQUIR - EFZ;2023-12-03 10:00;42.28
ZIPAQUIR - EFZ;2023-12-03 09:00;55.59
ZIPAQUIR - EFZ;2023-12-03 08:00;51.06
ZIPAQUIR - EFZ;2023-12-03 07:00;63.83
ZIPAQUIR - EFZ;2023-12-03 06:00;68.42
ZIPAQUIR - EFZ;2023-12-03 05:00;51.52
ZIPAQUIR - EFZ;2023-12-03 04:00;36.63
ZIPAQUIR - EFZ;2023-12-03 03:00;25.61
ZIPAQUIR - EFZ;2023-12-03 02:00;31.31
ZIPAQUIR - EFZ;2023-12-03 01:00;27.4
ZIPAQUIR - EFZ;2023-12-03 00:00;22.85
ZIPAQUIR - EFZ;2023-12-02 23:00;24.18
ZIPAQUIR - EFZ;2023-12-02 22:00;25.39
ZIPAQUIR - EFZ;2023-12-02 21:00;28.45
ZIPAQUIR - EFZ;2023-12-02 20:00;36.56
ZIPAQUIR - EFZ;2023-12-02 19:00;26.93
ZIPAQUIR - EFZ;2023-12-02 18:00;25.74
ZIPAQUIR - EFZ;2023-12-02 17:00;15.54
ZIPAQUIR - EFZ;2023-12-02 16:00;9.52
ZIPAQUIR - EFZ;2023-12-02 15:00;10.35
ZIPAQUIR - EFZ;2023-12-02 14:00;11.92
ZIPAQUIRA - URBANO;2024-02-28 22:59;25.49
ZIPAQUIRA - URBANO;2024-02-28 21:59;26.15
ZIPAQUIRA - URBANO;2024-02-28 20:59;26.69
ZIPAQUIRA - URBANO;2024-02-28 19:59;22.59
ZIPAQUIRA - URBANO;2024-02-28 18:59;20.45
ZIPAQUIRA - URBANO;2024-02-28 17:59;30.05
ZIPAQUIRA - URBANO;2024-02-28 16:59;20.57
ZIPAQUIRA - URBANO;2024-02-28 15:59;16.54
ZIPAQUIRA - URBANO;2024-02-28 13:59;14.1
ZIPAQUIRA - URBANO;2024-02-28 12:59;14.16
ZIPAQUIRA - URBANO;2024-02-28 11:59;12.1
ZIPAQUIRA - URBANO;2024-02-28 10:59;10.49
ZIPAQUIRA - URBANO;2024-02-28 09:59;12.01
ZIPAQUIRA - URBANO;2024-02-28 08:59;15.71
ZIPAQUIRA - URBANO;2024-02-28 07:59;17.42
ZIPAQUIRA - URBANO;2024-02-28 06:59;23.69
ZIPAQUIRA - URBANO;2024-02-28 05:59;31.06
ZIPAQUIRA - URBANO;2024-02-28 04:59;21.64
ZIPAQUIRA - URBANO;2024-02-28 03:59;22.57
ZIPAQUIRA - URBANO;2024-02-28 02:59;30.23
ZIPAQUIRA - URBANO;2024-02-28 01:59;29.06
ZIPAQUIRA - URBANO;2024-02-28 00:59;27.73
ZIPAQUIRA - URBANO;2024-02-27 23:59;25.48
ZIPAQUIRA - URBANO;2024-02-27 22:59;26.62
ZIPAQUIRA - URBANO;2024-02-27 21:59;30.85
ZIPAQUIRA - URBANO;2024-02-27 20:59;20.38
ZIPAQUIRA - URBANO;2024-02-27 19:59;16.28
ZIPAQUIRA - URBANO;2024-02-27 18:59;16.45
ZIPAQUIRA - URBANO;2024-02-27 17:59;20.85
ZIPAQUIRA - URBANO;2024-02-27 16:59;21.53
ZIPAQUIRA - URBANO;2024-02-27 15:59;15.27
ZIPAQUIRA - URBANO;2024-02-27 14:59;22.19
ZIPAQUIRA - URBANO;2024-02-27 13:59;19.39
ZIPAQUIRA - URBANO;2024-02-27 12:59;17.71
ZIPAQUIRA - URBANO;2024-02-27 11:59;20.19
ZIPAQUIRA - URBANO;2024-02-27 10:59;19.78
ZIPAQUIRA - URBANO;2024-02-27 09:59;23.59
ZIPAQUIRA - URBANO;2024-02-27 08:59;32.66
ZIPAQUIRA - URBANO;2024-02-27 07:59;34.47
ZIPAQUIRA - URBANO;2024-02-27 06:59;52.55
ZIPAQUIRA - URBANO;2024-02-27 05:59;30.22
ZIPAQUIRA - URBANO;2024-02-27 04:59;24.79
ZIPAQUIRA - URBANO;2024-02-27 03:59;24.68
ZIPAQUIRA - URBANO;2024-02-27 02:59;19.8
ZIPAQUIRA - URBANO;2024-02-27 01:59;20.6
ZIPAQUIRA - URBANO;2024-02-27 00:59;23.58
ZIPAQUIRA - URBANO;2024-02-26 23:59;23.87
ZIPAQUIRA - URBANO;2024-02-26 22:59;25.07
ZIPAQUIRA - URBANO;2024-02-26 21:59;26.47
ZIPAQUIRA - URBANO;2024-02-26 20:59;22.98
ZIPAQUIRA - URBANO;2024-02-26 19:59;24.47
ZIPAQUIRA - URBANO;2024-02-26 18:59;22.13
ZIPAQUIRA - URBANO;2024-02-26 17:59;19.27
ZIPAQUIRA - URBANO;2024-02-26 16:59;13.61
ZIPAQUIRA - URBANO;2024-02-26 15:59;13.46
ZIPAQUIRA - URBANO;2024-02-26 14:59;14.15
ZIPAQUIRA - URBANO;2024-02-26 13:59;15.4
ZIPAQUIRA - URBANO;2024-02-26 12:59;14.56
ZIPAQUIRA - URBANO;2024-02-26 11:59;14.52
ZIPAQUIRA - URBANO;2024-02-26 10:59;15.15
ZIPAQUIRA - URBANO;2024-02-26 09:59;18.99
ZIPAQUIRA - URBANO;2024-02-26 08:59;25.29
ZIPAQUIRA - URBANO;2024-02-26 07:59;36.9
ZIPAQUIRA - URBANO;2024-02-26 06:59;39.02
ZIPAQUIRA - URBANO;2024-02-26 05:59;39.14
ZIPAQUIRA - URBANO;2024-02-26 04:59;25.62
ZIPAQUIRA - URBANO;2024-02-26 03:59;22.18
ZIPAQUIRA - URBANO;2024-02-26 02:59;18.31
ZIPAQUIRA - URBANO;2024-02-26 01:59;15.4
ZIPAQUIRA - URBANO;2024-02-26 00:59;15.05
ZIPAQUIRA - URBANO;2024-02-25 23:59;17.56
ZIPAQUIRA - URBANO;2024-02-25 22:59;21.58
ZIPAQUIRA - URBANO;2024-02-25 21:59;22.82
ZIPAQUIRA - URBANO;2024-02-25 20:59;17.07
ZIPAQUIRA - URBANO;2024-02-25 19:59;18.11
ZIPAQUIRA - URBANO;2024-02-25 18:59;15.21
ZIPAQUIRA - URBANO;2024-02-25 17:59;12.22
ZIPAQUIRA - URBANO;2024-02-25 16:59;13.22
ZIPAQUIRA - URBANO;2024-02-25 15:59;14.83
ZIPAQUIRA - URBANO;2024-02-25 14:59;12.81
ZIPAQUIRA - URBANO;2024-02-25 13:59;11.6
ZIPAQUIRA - URBANO;2024-02-25 12:59;11.05
ZIPAQUIRA - URBANO;2024-02-25 11:59;9.07
ZIPAQUIRA - URBANO;2024-02-25 10:59;9.08
ZIPAQUIRA - URBANO;2024-02-25 09:59;14.16
ZIPAQUIRA - URBANO;2024-02-25 08:59;23.77
ZIPAQUIRA - URBANO;2024-02-25 07:59;36.5
ZIPAQUIRA - URBANO;2024-02-25 06:59;38.72
ZIPAQUIRA - URBANO;2024-02-25 05:59;27.82
ZIPAQUIRA - URBANO;2024-02-25 04:59;26.36
ZIPAQUIRA - URBANO;2024-02-25 03:59;28.09
ZIPAQUIRA - URBANO;2024-02-25 02:59;26.63
ZIPAQUIRA - URBANO;2024-02-25 01:59;20.31
ZIPAQUIRA - URBANO;2024-02-25 00:59;18.33
ZIPAQUIRA - URBANO;2024-02-24 23:59;18.1
ZIPAQUIRA - URBANO;2024-02-24 22:59;17.01
ZIPAQUIRA - URBANO;2024-02-24 21:59;18.88
ZIPAQUIRA - URBANO;2024-02-24 20:59;17.62
ZIPAQUIRA - URBANO;2024-02-24 19:59;19.44
ZIPAQUIRA - URBANO;2024-02-24 18:59;15.93
ZIPAQUIRA - URBANO;2024-02-24 17:59;17.59
ZIPAQUIRA - URBANO;2024-02-24 16:59;14.74
ZIPAQUIRA - URBANO;2024-02-24 15:59;15.07
ZIPAQUIRA - URBANO;2024-02-24 14:59;16.46
ZIPAQUIRA - URBANO;2024-02-24 13:59;15.9
ZIPAQUIRA - URBANO;2024-02-24 12:59;12.74
ZIPAQUIRA - URBANO;2024-02-24 11:59;15.88
ZIPAQUIRA - URBANO;2024-02-24 10:59;17.34
ZIPAQUIRA - URBANO;2024-02-24 09:59;20.07
ZIPAQUIRA - URBANO;2024-02-24 08:59;31.02
ZIPAQUIRA - URBANO;2024-02-24 07:59;42.53
ZIPAQUIRA - URBANO;2024-02-24 06:59;56.09
ZIPAQUIRA - URBANO;2024-02-24 05:59;29.42
ZIPAQUIRA - URBANO;2024-02-24 04:59;27.24
ZIPAQUIRA - URBANO;2024-02-24 03:59;29.28
ZIPAQUIRA - URBANO;2024-02-24 02:59;28.71
ZIPAQUIRA - URBANO;2024-02-24 01:59;30.41
ZIPAQUIRA - URBANO;2024-02-24 00:59;31.47
ZIPAQUIRA - URBANO;2024-02-23 23:59;30.47
ZIPAQUIRA - URBANO;2024-02-23 22:59;21.54
ZIPAQUIRA - URBANO;2024-02-23 21:59;25.54
ZIPAQUIRA - URBANO;2024-02-23 20:59;19.24
ZIPAQUIRA - URBANO;2024-02-23 19:59;24.65
ZIPAQUIRA - URBANO;2024-02-23 18:59;21.76
ZIPAQUIRA - URBANO;2024-02-23 17:59;15.54
ZIPAQUIRA - URBANO;2024-02-23 16:59;12.95
ZIPAQUIRA - URBANO;2024-02-23 15:59;11.47
ZIPAQUIRA - URBANO;2024-02-23 14:59;11.62
ZIPAQUIRA - URBANO;2024-02-23 13:59;14.31
ZIPAQUIRA - URBANO;2024-02-23 12:59;11.57
ZIPAQUIRA - URBANO;2024-02-23 11:59;9.95
ZIPAQUIRA - URBANO;2024-02-23 10:59;11.44
ZIPAQUIRA - URBANO;2024-02-23 09:59;15.7
ZIPAQUIRA - URBANO;2024-02-23 08:59;27.01
ZIPAQUIRA - URBANO;2024-02-23 07:59;49.41
ZIPAQUIRA - URBANO;2024-02-23 06:59;67.51
ZIPAQUIRA - URBANO;2024-02-23 05:59;31.29
ZIPAQUIRA - URBANO;2024-02-23 04:59;16.25
ZIPAQUIRA - URBANO;2024-02-23 03:59;7.8
ZIPAQUIRA - URBANO;2024-02-23 02:59;7.39
ZIPAQUIRA - URBANO;2024-02-23 01:59;8.28
ZIPAQUIRA - URBANO;2024-02-23 00:59;8.04
ZIPAQUIRA - URBANO;2024-02-22 23:59;8.38
ZIPAQUIRA - URBANO;2024-02-22 22:59;9.31
ZIPAQUIRA - URBANO;2024-02-22 21:59;9.63
ZIPAQUIRA - URBANO;2024-02-22 20:59;8.42
ZIPAQUIRA - URBANO;2024-02-22 19:59;14.01
ZIPAQUIRA - URBANO;2024-02-22 18:59;13.15
ZIPAQUIRA - URBANO;2024-02-22 17:59;5.24
ZIPAQUIRA - URBANO;2024-02-22 16:59;5.85
ZIPAQUIRA - URBANO;2024-02-22 15:59;5.04
ZIPAQUIRA - URBANO;2024-02-22 14:59;5.47
ZIPAQUIRA - URBANO;2024-02-22 13:59;4.55
ZIPAQUIRA - URBANO;2024-02-22 12:59;4.29
ZIPAQUIRA - URBANO;2024-02-22 11:59;3.76
ZIPAQUIRA - URBANO;2024-02-22 10:59;5.04
ZIPAQUIRA - URBANO;2024-02-22 09:59;17.13
ZIPAQUIRA - URBANO;2024-02-22 08:59;42.38
ZIPAQUIRA - URBANO;2024-02-22 07:59;57.34
ZIPAQUIRA - URBANO;2024-02-22 06:59;72.09
ZIPAQUIRA - URBANO;2024-02-22 05:59;72.0
ZIPAQUIRA - URBANO;2024-02-22 04:59;43.56
ZIPAQUIRA - URBANO;2024-02-22 03:59;26.47
ZIPAQUIRA - URBANO;2024-02-22 02:59;26.09
ZIPAQUIRA - URBANO;2024-02-22 01:59;31.88
ZIPAQUIRA - URBANO;2024-02-22 00:59;18.52
ZIPAQUIRA - URBANO;2024-02-21 23:59;22.88
ZIPAQUIRA - URBANO;2024-02-21 22:59;40.18
ZIPAQUIRA - URBANO;2024-02-21 21:59;20.33
ZIPAQUIRA - URBANO;2024-02-21 20:59;12.13
ZIPAQUIRA - URBANO;2024-02-21 19:59;14.19
ZIPAQUIRA - URBANO;2024-02-21 18:59;13.19
ZIPAQUIRA - URBANO;2024-02-21 17:59;11.94
ZIPAQUIRA - URBANO;2024-02-21 16:59;8.88
ZIPAQUIRA - URBANO;2024-02-21 15:59;8.86
ZIPAQUIRA - URBANO;2024-02-21 14:59;8.74
ZIPAQUIRA - URBANO;2024-02-21 13:59;8.72
ZIPAQUIRA - URBANO;2024-02-21 12:59;7.84
ZIPAQUIRA - URBANO;2024-02-21 11:59;8.9
ZIPAQUIRA - URBANO;2024-02-21 10:59;7.2
ZIPAQUIRA - URBANO;2024-02-21 09:59;21.91
ZIPAQUIRA - URBANO;2024-02-21 08:59;47.77
ZIPAQUIRA - URBANO;2024-02-21 07:59;59.96
ZIPAQUIRA - URBANO;2024-02-21 06:59;81.76
ZIPAQUIRA - URBANO;2024-02-21 05:59;68.01
ZIPAQUIRA - URBANO;2024-02-21 04:59;46.71
ZIPAQUIRA - URBANO;2024-02-21 03:59;18.28
ZIPAQUIRA - URBANO;2024-02-21 02:59;16.07
ZIPAQUIRA - URBANO;2024-02-21 01:59;15.62
ZIPAQUIRA - URBANO;2024-02-21 00:59;16.63
ZIPAQUIRA - URBANO;2024-02-20 23:59;17.16
ZIPAQUIRA - URBANO;2024-02-20 22:59;8.12
ZIPAQUIRA - URBANO;2024-02-20 21:59;8.98
ZIPAQUIRA - URBANO;2024-02-20 20:59;11.11
ZIPAQUIRA - URBANO;2024-02-20 19:59;8.89
ZIPAQUIRA - URBANO;2024-02-20 18:59;8.54
ZIPAQUIRA - URBANO;2024-02-20 17:59;10.66
ZIPAQUIRA - URBANO;2024-02-20 16:59;7.37
ZIPAQUIRA - URBANO;2024-02-20 15:59;7.87
ZIPAQUIRA - URBANO;2024-02-20 14:59;8.18
ZIPAQUIRA - URBANO;2024-02-20 13:59;11.81
ZIPAQUIRA - URBANO;2024-02-20 12:59;12.33
ZIPAQUIRA - URBANO;2024-02-20 11:59;13.13
ZIPAQUIRA - URBANO;2024-02-20 10:59;21.61
ZIPAQUIRA - URBANO;2024-02-20 09:59;27.17
ZIPAQUIRA - URBANO;2024-02-20 08:59;23.39
ZIPAQUIRA - URBANO;2024-02-20 07:59;41.02
ZIPAQUIRA - URBANO;2024-02-20 06:59;60.71
ZIPAQUIRA - URBANO;2024-02-20 05:59;44.38
ZIPAQUIRA - URBANO;2024-02-20 04:59;37.42
ZIPAQUIRA - URBANO;2024-02-20 03:59;21.11
ZIPAQUIRA - URBANO;2024-02-20 02:59;17.41
ZIPAQUIRA - URBANO;2024-02-20 01:59;13.94
ZIPAQUIRA - URBANO;2024-02-20 00:59;12.88
ZIPAQUIRA - URBANO;2024-02-19 23:59;16.48
ZIPAQUIRA - URBANO;2024-02-19 22:59;11.93
ZIPAQUIRA - URBANO;2024-02-19 21:59;10.91
ZIPAQUIRA - URBANO;2024-02-19 20:59;10.97
ZIPAQUIRA - URBANO;2024-02-19 19:59;13.34
ZIPAQUIRA - URBANO;2024-02-19 18:59;10.94
ZIPAQUIRA - URBANO;2024-02-19 17:59;10.1
ZIPAQUIRA - URBANO;2024-02-19 15:59;12.23
ZIPAQUIRA - URBANO;2024-02-19 14:59;11.69
ZIPAQUIRA - URBANO;2024-02-19 13:59;13.6
ZIPAQUIRA - URBANO;2024-02-19 12:59;14.32
ZIPAQUIRA - URBANO;2024-02-19 11:59;16.68
ZIPAQUIRA - URBANO;2024-02-19 10:59;18.3
ZIPAQUIRA - URBANO;2024-02-19 09:59;19.36
ZIPAQUIRA - URBANO;2024-02-19 08:59;37.9
ZIPAQUIRA - URBANO;2024-02-19 07:59;63.31
ZIPAQUIRA - URBANO;2024-02-19 06:59;89.49
ZIPAQUIRA - URBANO;2024-02-19 05:59;52.11
ZIPAQUIRA - URBANO;2024-02-19 04:59;36.62
ZIPAQUIRA - URBANO;2024-02-19 03:59;22.49
ZIPAQUIRA - URBANO;2024-02-19 02:59;19.66
ZIPAQUIRA - URBANO;2024-02-19 01:59;20.19
ZIPAQUIRA - URBANO;2024-02-19 00:59;13.29
ZIPAQUIRA - URBANO;2024-02-18 23:59;11.48
ZIPAQUIRA - URBANO;2024-02-18 22:59;16.58
ZIPAQUIRA - URBANO;2024-02-18 21:59;15.99
ZIPAQUIRA - URBANO;2024-02-18 20:59;16.25
ZIPAQUIRA - URBANO;2024-02-18 19:59;15.33
ZIPAQUIRA - URBANO;2024-02-18 18:59;13.95
ZIPAQUIRA - URBANO;2024-02-18 17:59;13.73
ZIPAQUIRA - URBANO;2024-02-18 16:59;11.15
ZIPAQUIRA - URBANO;2024-02-18 15:59;8.36
ZIPAQUIRA - URBANO;2024-02-18 14:59;8.4
ZIPAQUIRA - URBANO;2024-02-18 13:59;7.89
ZIPAQUIRA - URBANO;2024-02-18 12:59;7.95
ZIPAQUIRA - URBANO;2024-02-18 11:59;7.43
ZIPAQUIRA - URBANO;2024-02-18 10:59;7.71
ZIPAQUIRA - URBANO;2024-02-18 09:59;9.46
ZIPAQUIRA - URBANO;2024-02-18 08:59;23.13
ZIPAQUIRA - URBANO;2024-02-18 07:59;24.2
ZIPAQUIRA - URBANO;2024-02-18 06:59;27.78
ZIPAQUIRA - URBANO;2024-02-18 05:59;28.66
ZIPAQUIRA - URBANO;2024-02-18 04:59;26.85
ZIPAQUIRA - URBANO;2024-02-18 03:59;25.15
ZIPAQUIRA - URBANO;2024-02-18 02:59;23.85
ZIPAQUIRA - URBANO;2024-02-18 01:59;12.26
ZIPAQUIRA - URBANO;2024-02-18 00:59;9.7
ZIPAQUIRA - URBANO;2024-02-17 23:59;13.35
ZIPAQUIRA - URBANO;2024-02-17 22:59;17.84
ZIPAQUIRA - URBANO;2024-02-17 21:59;7.93
ZIPAQUIRA - URBANO;2024-02-17 20:59;10.97
ZIPAQUIRA - URBANO;2024-02-17 19:59;16.85
ZIPAQUIRA - URBANO;2024-02-17 18:59;14.89
ZIPAQUIRA - URBANO;2024-02-17 17:59;13.89
ZIPAQUIRA - URBANO;2024-02-17 16:59;8.64
ZIPAQUIRA - URBANO;2024-02-17 15:59;10.91
ZIPAQUIRA - URBANO;2024-02-17 14:59;12.63
ZIPAQUIRA - URBANO;2024-02-17 13:59;10.64
ZIPAQUIRA - URBANO;2024-02-17 12:59;8.99
ZIPAQUIRA - URBANO;2024-02-17 11:59;11.46
ZIPAQUIRA - URBANO;2024-02-17 10:59;16.97
ZIPAQUIRA - URBANO;2024-02-17 09:59;16.13
ZIPAQUIRA - URBANO;2024-02-17 08:59;16.95
ZIPAQUIRA - URBANO;2024-02-17 07:59;15.76
ZIPAQUIRA - URBANO;2024-02-17 06:59;12.23
ZIPAQUIRA - URBANO;2024-02-17 05:59;17.95
ZIPAQUIRA - URBANO;2024-02-17 04:59;8.48
ZIPAQUIRA - URBANO;2024-02-17 03:59;8.18
ZIPAQUIRA - URBANO;2024-02-17 02:59;7.68
ZIPAQUIRA - URBANO;2024-02-17 01:59;5.49
ZIPAQUIRA - URBANO;2024-02-17 00:59;7.92
ZIPAQUIRA - URBANO;2024-02-16 23:59;11.39
ZIPAQUIRA - URBANO;2024-02-16 22:59;7.09
ZIPAQUIRA - URBANO;2024-02-16 21:59;6.59
ZIPAQUIRA - URBANO;2024-02-16 20:59;7.93
ZIPAQUIRA - URBANO;2024-02-16 19:59;10.31
ZIPAQUIRA - URBANO;2024-02-16 18:59;9.15
ZIPAQUIRA - URBANO;2024-02-16 17:59;12.74
ZIPAQUIRA - URBANO;2024-02-16 16:59;10.59
ZIPAQUIRA - URBANO;2024-02-16 15:59;12.73
ZIPAQUIRA - URBANO;2024-02-16 14:59;16.31
ZIPAQUIRA - URBANO;2024-02-16 13:59;9.55
ZIPAQUIRA - URBANO;2024-02-16 11:59;11.45
ZIPAQUIRA - URBANO;2024-02-16 10:59;14.19
ZIPAQUIRA - URBANO;2024-02-16 09:59;17.85
ZIPAQUIRA - URBANO;2024-02-16 08:59;16.86
ZIPAQUIRA - URBANO;2024-02-16 07:59;21.65
ZIPAQUIRA - URBANO;2024-02-16 06:59;25.14
ZIPAQUIRA - URBANO;2024-02-16 05:59;27.0
ZIPAQUIRA - URBANO;2024-02-16 04:59;29.27
ZIPAQUIRA - URBANO;2024-02-16 03:59;21.94
ZIPAQUIRA - URBANO;2024-02-16 02:59;13.7
ZIPAQUIRA - URBANO;2024-02-16 01:59;11.11
ZIPAQUIRA - URBANO;2024-02-16 00:59;7.55
ZIPAQUIRA - URBANO;2024-02-15 23:59;13.15
ZIPAQUIRA - URBANO;2024-02-15 22:59;18.92
ZIPAQUIRA - URBANO;2024-02-15 21:59;17.63
ZIPAQUIRA - URBANO;2024-02-15 20:59;17.97
ZIPAQUIRA - URBANO;2024-02-15 19:59;19.9
ZIPAQUIRA - URBANO;2024-02-15 18:59;19.64
ZIPAQUIRA - URBANO;2024-02-15 17:59;21.38
ZIPAQUIRA - URBANO;2024-02-15 16:59;20.66
ZIPAQUIRA - URBANO;2024-02-15 15:59;15.08
ZIPAQUIRA - URBANO;2024-02-15 14:59;13.91
ZIPAQUIRA - URBANO;2024-02-15 13:59;12.56
ZIPAQUIRA - URBANO;2024-02-15 12:59;12.96
ZIPAQUIRA - URBANO;2024-02-15 11:59;17.73
ZIPAQUIRA - URBANO;2024-02-15 10:59;19.77
ZIPAQUIRA - URBANO;2024-02-15 09:59;18.13
ZIPAQUIRA - URBANO;2024-02-15 08:59;20.37
ZIPAQUIRA - URBANO;2024-02-15 07:59;21.78
ZIPAQUIRA - URBANO;2024-02-15 06:59;34.37
ZIPAQUIRA - URBANO;2024-02-15 05:59;41.64
ZIPAQUIRA - URBANO;2024-02-15 04:59;27.63
ZIPAQUIRA - URBANO;2024-02-15 03:59;24.95
ZIPAQUIRA - URBANO;2024-02-15 02:59;26.2
ZIPAQUIRA - URBANO;2024-02-15 01:59;23.56
ZIPAQUIRA - URBANO;2024-02-15 00:59;20.51
ZIPAQUIRA - URBANO;2024-02-14 23:59;24.2
ZIPAQUIRA - URBANO;2024-02-14 22:59;24.43
ZIPAQUIRA - URBANO;2024-02-14 21:59;34.01
ZIPAQUIRA - URBANO;2024-02-14 20:59;36.43
ZIPAQUIRA - URBANO;2024-02-14 19:59;40.28
ZIPAQUIRA - URBANO;2024-02-14 18:59;23.9
ZIPAQUIRA - URBANO;2024-02-14 17:59;24.55
ZIPAQUIRA - URBANO;2024-02-14 16:59;23.16
ZIPAQUIRA - URBANO;2024-02-14 15:59;22.27
ZIPAQUIRA - URBANO;2024-02-14 14:59;18.52
ZIPAQUIRA - URBANO;2024-02-14 13:59;21.3
ZIPAQUIRA - URBANO;2024-02-14 12:59;14.35
ZIPAQUIRA - URBANO;2024-02-14 11:59;11.36
ZIPAQUIRA - URBANO;2024-02-14 10:59;13.53
ZIPAQUIRA - URBANO;2024-02-14 09:59;9.63
ZIPAQUIRA - URBANO;2024-02-14 08:59;12.32
ZIPAQUIRA - URBANO;2024-02-14 07:59;29.49
ZIPAQUIRA - URBANO;2024-02-14 06:59;31.72
ZIPAQUIRA - URBANO;2024-02-14 05:59;29.7
ZIPAQUIRA - URBANO;2024-02-14 04:59;26.31
ZIPAQUIRA - URBANO;2024-02-14 03:59;25.34
ZIPAQUIRA - URBANO;2024-02-14 02:59;21.45
ZIPAQUIRA - URBANO;2024-02-14 01:59;19.19
ZIPAQUIRA - URBANO;2024-02-14 00:59;23.9
ZIPAQUIRA - URBANO;2024-02-13 23:59;21.54
ZIPAQUIRA - URBANO;2024-02-13 22:59;21.59
ZIPAQUIRA - URBANO;2024-02-13 21:59;18.44
ZIPAQUIRA - URBANO;2024-02-13 20:59;21.51
ZIPAQUIRA - URBANO;2024-02-13 19:59;19.98
ZIPAQUIRA - URBANO;2024-02-13 18:59;22.25
ZIPAQUIRA - URBANO;2024-02-13 17:59;26.16
ZIPAQUIRA - URBANO;2024-02-13 16:59;18.18
ZIPAQUIRA - URBANO;2024-02-13 15:59;14.61
ZIPAQUIRA - URBANO;2024-02-13 14:59;15.45
ZIPAQUIRA - URBANO;2024-02-13 13:59;12.95
ZIPAQUIRA - URBANO;2024-02-13 12:59;9.76
ZIPAQUIRA - URBANO;2024-02-13 11:59;12.18
ZIPAQUIRA - URBANO;2024-02-13 10:59;21.17
ZIPAQUIRA - URBANO;2024-02-13 09:59;26.25
ZIPAQUIRA - URBANO;2024-02-13 08:59;25.03
ZIPAQUIRA - URBANO;2024-02-13 07:59;63.64
ZIPAQUIRA - URBANO;2024-02-13 06:59;86.59
ZIPAQUIRA - URBANO;2024-02-13 05:59;75.29
ZIPAQUIRA - URBANO;2024-02-13 04:59;32.78
ZIPAQUIRA - URBANO;2024-02-13 03:59;39.45
ZIPAQUIRA - URBANO;2024-02-13 02:59;25.96
ZIPAQUIRA - URBANO;2024-02-13 01:59;26.24
ZIPAQUIRA - URBANO;2024-02-13 00:59;19.73
ZIPAQUIRA - URBANO;2024-02-12 23:59;16.07
ZIPAQUIRA - URBANO;2024-02-12 22:59;16.23
ZIPAQUIRA - URBANO;2024-02-12 21:59;17.39
ZIPAQUIRA - URBANO;2024-02-12 20:59;19.9
ZIPAQUIRA - URBANO;2024-02-12 19:59;18.97
ZIPAQUIRA - URBANO;2024-02-12 18:59;19.41
ZIPAQUIRA - URBANO;2024-02-12 17:59;17.43
ZIPAQUIRA - URBANO;2024-02-12 16:59;14.8
ZIPAQUIRA - URBANO;2024-02-12 15:59;9.44
ZIPAQUIRA - URBANO;2024-02-12 14:59;7.76
ZIPAQUIRA - URBANO;2024-02-12 13:59;7.44
ZIPAQUIRA - URBANO;2024-02-12 12:59;7.92
ZIPAQUIRA - URBANO;2024-02-12 11:59;8.85
ZIPAQUIRA - URBANO;2024-02-12 10:59;9.95
ZIPAQUIRA - URBANO;2024-02-12 09:59;12.11
ZIPAQUIRA - URBANO;2024-02-12 08:59;27.83
ZIPAQUIRA - URBANO;2024-02-12 07:59;58.95
ZIPAQUIRA - URBANO;2024-02-12 06:59;60.99
ZIPAQUIRA - URBANO;2024-02-12 05:59;40.05
ZIPAQUIRA - URBANO;2024-02-12 04:59;20.36
ZIPAQUIRA - URBANO;2024-02-12 03:59;17.52
ZIPAQUIRA - URBANO;2024-02-12 02:59;19.42
ZIPAQUIRA - URBANO;2024-02-12 01:59;14.84
ZIPAQUIRA - URBANO;2024-02-12 00:59;14.57
ZIPAQUIRA - URBANO;2024-02-11 23:59;13.78
ZIPAQUIRA - URBANO;2024-02-11 22:59;12.77
ZIPAQUIRA - URBANO;2024-02-11 21:59;12.82
ZIPAQUIRA - URBANO;2024-02-11 20:59;14.68
ZIPAQUIRA - URBANO;2024-02-11 19:59;10.88
ZIPAQUIRA - URBANO;2024-02-11 18:59;12.1
ZIPAQUIRA - URBANO;2024-02-11 17:59;13.04
ZIPAQUIRA - URBANO;2024-02-11 16:59;9.38
ZIPAQUIRA - URBANO;2024-02-11 15:59;4.82
ZIPAQUIRA - URBANO;2024-02-11 14:59;6.55
ZIPAQUIRA - URBANO;2024-02-11 13:59;4.99
ZIPAQUIRA - URBANO;2024-02-11 12:59;5.17
ZIPAQUIRA - URBANO;2024-02-11 11:59;4.93
ZIPAQUIRA - URBANO;2024-02-11 10:59;5.76
ZIPAQUIRA - URBANO;2024-02-11 09:59;6.86
ZIPAQUIRA - URBANO;2024-02-11 08:59;13.14
ZIPAQUIRA - URBANO;2024-02-11 07:59;31.43
ZIPAQUIRA - URBANO;2024-02-11 06:59;27.03
ZIPAQUIRA - URBANO;2024-02-11 05:59;19.95
ZIPAQUIRA - URBANO;2024-02-11 04:59;18.77
ZIPAQUIRA - URBANO;2024-02-11 03:59;16.71
ZIPAQUIRA - URBANO;2024-02-11 02:59;6.89
ZIPAQUIRA - URBANO;2024-02-11 01:59;10.89
ZIPAQUIRA - URBANO;2024-02-11 00:59;15.4
ZIPAQUIRA - URBANO;2024-02-10 23:59;6.99
ZIPAQUIRA - URBANO;2024-02-10 22:59;4.62
ZIPAQUIRA - URBANO;2024-02-10 21:59;8.84
ZIPAQUIRA - URBANO;2024-02-10 20:59;12.99
ZIPAQUIRA - URBANO;2024-02-10 19:59;11.63
ZIPAQUIRA - URBANO;2024-02-10 18:59;13.76
ZIPAQUIRA - URBANO;2024-02-10 17:59;10.63
ZIPAQUIRA - URBANO;2024-02-10 16:59;9.39
ZIPAQUIRA - URBANO;2024-02-10 15:59;8.03
ZIPAQUIRA - URBANO;2024-02-10 14:59;4.68
ZIPAQUIRA - URBANO;2024-02-10 13:59;7.89
ZIPAQUIRA - URBANO;2024-02-10 12:59;8.51
ZIPAQUIRA - URBANO;2024-02-10 11:59;10.04
ZIPAQUIRA - URBANO;2024-02-10 10:59;9.34
ZIPAQUIRA - URBANO;2024-02-10 09:59;12.75
ZIPAQUIRA - URBANO;2024-02-10 08:59;10.07
ZIPAQUIRA - URBANO;2024-02-10 07:59;11.56
ZIPAQUIRA - URBANO;2024-02-10 06:59;17.43
ZIPAQUIRA - URBANO;2024-02-10 05:59;15.58
ZIPAQUIRA - URBANO;2024-02-10 04:59;15.24
ZIPAQUIRA - URBANO;2024-02-10 03:59;12.01
ZIPAQUIRA - URBANO;2024-02-10 02:59;6.16
ZIPAQUIRA - URBANO;2024-02-10 01:59;6.97
ZIPAQUIRA - URBANO;2024-02-10 00:59;7.16
ZIPAQUIRA - URBANO;2024-02-09 23:59;6.8
ZIPAQUIRA - URBANO;2024-02-09 22:59;11.64
ZIPAQUIRA - URBANO;2024-02-09 21:59;8.97
ZIPAQUIRA - URBANO;2024-02-09 20:59;9.84
ZIPAQUIRA - URBANO;2024-02-09 19:59;12.62
ZIPAQUIRA - URBANO;2024-02-09 18:59;12.12
ZIPAQUIRA - URBANO;2024-02-09 17:59;11.61
ZIPAQUIRA - URBANO;2024-02-09 16:59;10.66
ZIPAQUIRA - URBANO;2024-02-09 15:59;9.69
ZIPAQUIRA - URBANO;2024-02-09 14:59;11.5
ZIPAQUIRA - URBANO;2024-02-09 13:59;6.37
ZIPAQUIRA - URBANO;2024-02-09 12:59;16.33
ZIPAQUIRA - URBANO;2024-02-09 11:59;15.61
ZIPAQUIRA - URBANO;2024-02-09 10:59;12.36
ZIPAQUIRA - URBANO;2024-02-09 09:59;11.49
ZIPAQUIRA - URBANO;2024-02-09 08:59;9.75
ZIPAQUIRA - URBANO;2024-02-09 07:59;11.11
ZIPAQUIRA - URBANO;2024-02-09 06:59;9.8
ZIPAQUIRA - URBANO;2024-02-09 05:59;9.99
ZIPAQUIRA - URBANO;2024-02-09 04:59;13.9
ZIPAQUIRA - URBANO;2024-02-09 03:59;19.64
ZIPAQUIRA - URBANO;2024-02-09 02:59;11.71
ZIPAQUIRA - URBANO;2024-02-09 01:59;17.49
ZIPAQUIRA - URBANO;2024-02-09 00:59;14.86
ZIPAQUIRA - URBANO;2024-02-08 23:59;13.66
ZIPAQUIRA - URBANO;2024-02-08 22:59;16.85
ZIPAQUIRA - URBANO;2024-02-08 21:59;24.68
ZIPAQUIRA - URBANO;2024-02-08 20:59;14.64
ZIPAQUIRA - URBANO;2024-02-08 19:59;22.91
ZIPAQUIRA - URBANO;2024-02-08 18:59;19.91
ZIPAQUIRA - URBANO;2024-02-08 17:59;18.9
ZIPAQUIRA - URBANO;2024-02-08 16:59;10.9
ZIPAQUIRA - URBANO;2024-02-08 15:59;11.86
ZIPAQUIRA - URBANO;2024-02-08 14:59;11.51
ZIPAQUIRA - URBANO;2024-02-08 13:59;13.36
ZIPAQUIRA - URBANO;2024-02-08 12:59;12.6
ZIPAQUIRA - URBANO;2024-02-08 11:59;10.61
ZIPAQUIRA - URBANO;2024-02-08 10:59;14.4
ZIPAQUIRA - URBANO;2024-02-08 09:59;11.4
ZIPAQUIRA - URBANO;2024-02-08 08:59;42.51
ZIPAQUIRA - URBANO;2024-02-08 07:59;32.89
ZIPAQUIRA - URBANO;2024-02-08 06:59;38.0
ZIPAQUIRA - URBANO;2024-02-08 05:59;44.86
ZIPAQUIRA - URBANO;2024-02-08 04:59;48.27
ZIPAQUIRA - URBANO;2024-02-08 03:59;19.27
ZIPAQUIRA - URBANO;2024-02-08 02:59;22.23
ZIPAQUIRA - URBANO;2024-02-08 01:59;22.1
ZIPAQUIRA - URBANO;2024-02-08 00:59;11.41
ZIPAQUIRA - URBANO;2024-02-07 23:59;9.96
ZIPAQUIRA - URBANO;2024-02-07 22:59;15.92
ZIPAQUIRA - URBANO;2024-02-07 21:59;18.3
ZIPAQUIRA - URBANO;2024-02-07 20:59;20.7
ZIPAQUIRA - URBANO;2024-02-07 19:59;11.7
ZIPAQUIRA - URBANO;2024-02-07 18:59;20.53
ZIPAQUIRA - URBANO;2024-02-07 17:59;17.9
ZIPAQUIRA - URBANO;2024-02-07 16:59;10.38
ZIPAQUIRA - URBANO;2024-02-07 15:59;8.82
ZIPAQUIRA - URBANO;2024-02-07 14:59;10.25
ZIPAQUIRA - URBANO;2024-02-07 13:59;6.3
ZIPAQUIRA - URBANO;2024-02-07 12:59;8.58
ZIPAQUIRA - URBANO;2024-02-07 11:59;8.09
ZIPAQUIRA - URBANO;2024-02-07 10:59;7.1
ZIPAQUIRA - URBANO;2024-02-07 09:59;7.94
ZIPAQUIRA - URBANO;2024-02-07 08:59;9.41
ZIPAQUIRA - URBANO;2024-02-07 07:59;19.36
ZIPAQUIRA - URBANO;2024-02-07 06:59;19.04
ZIPAQUIRA - URBANO;2024-02-07 05:59;19.34
ZIPAQUIRA - URBANO;2024-02-07 04:59;13.07
ZIPAQUIRA - URBANO;2024-02-07 03:59;20.57
ZIPAQUIRA - URBANO;2024-02-07 02:59;27.39
ZIPAQUIRA - URBANO;2024-02-07 01:59;22.63
ZIPAQUIRA - URBANO;2024-02-07 00:59;19.54
ZIPAQUIRA - URBANO;2024-02-06 23:59;21.17
ZIPAQUIRA - URBANO;2024-02-06 22:59;17.97
ZIPAQUIRA - URBANO;2024-02-06 21:59;17.39
ZIPAQUIRA - URBANO;2024-02-06 20:59;18.08
ZIPAQUIRA - URBANO;2024-02-06 19:59;14.48
ZIPAQUIRA - URBANO;2024-02-06 18:59;14.14
ZIPAQUIRA - URBANO;2024-02-06 17:59;12.39
ZIPAQUIRA - URBANO;2024-02-06 16:59;13.63
ZIPAQUIRA - URBANO;2024-02-06 15:59;10.2
ZIPAQUIRA - URBANO;2024-02-06 14:59;8.4
ZIPAQUIRA - URBANO;2024-02-06 12:59;6.74
ZIPAQUIRA - URBANO;2024-02-06 11:59;12.36
ZIPAQUIRA - URBANO;2024-02-06 10:59;17.74
ZIPAQUIRA - URBANO;2024-02-06 09:59;14.29
ZIPAQUIRA - URBANO;2024-02-06 08:59;8.98
ZIPAQUIRA - URBANO;2024-02-06 07:59;15.74
ZIPAQUIRA - URBANO;2024-02-06 06:59;21.46
ZIPAQUIRA - URBANO;2024-02-06 05:59;11.76
ZIPAQUIRA - URBANO;2024-02-06 04:59;12.4
ZIPAQUIRA - URBANO;2024-02-06 03:59;13.25
ZIPAQUIRA - URBANO;2024-02-06 02:59;15.0
ZIPAQUIRA - URBANO;2024-02-06 01:59;16.39
ZIPAQUIRA - URBANO;2024-02-06 00:59;19.32
ZIPAQUIRA - URBANO;2024-02-05 23:59;11.56
ZIPAQUIRA - URBANO;2024-02-05 22:59;11.48
ZIPAQUIRA - URBANO;2024-02-05 21:59;11.19
ZIPAQUIRA - URBANO;2024-02-05 20:59;9.93
ZIPAQUIRA - URBANO;2024-02-05 19:59;9.64
ZIPAQUIRA - URBANO;2024-02-05 18:59;7.05
ZIPAQUIRA - URBANO;2024-02-05 17:59;4.67
ZIPAQUIRA - URBANO;2024-02-05 16:59;6.81
ZIPAQUIRA - URBANO;2024-02-05 15:59;7.04
ZIPAQUIRA - URBANO;2024-02-05 14:59;8.32
ZIPAQUIRA - URBANO;2024-02-05 13:59;14.66
ZIPAQUIRA - URBANO;2024-02-05 12:59;8.69
ZIPAQUIRA - URBANO;2024-02-05 11:59;12.56
ZIPAQUIRA - URBANO;2024-02-05 10:59;13.61
ZIPAQUIRA - URBANO;2024-02-05 09:59;10.75
ZIPAQUIRA - URBANO;2024-02-05 08:59;16.3
ZIPAQUIRA - URBANO;2024-02-05 07:59;13.99
ZIPAQUIRA - URBANO;2024-02-05 06:59;14.4
ZIPAQUIRA - URBANO;2024-02-05 05:59;11.91
ZIPAQUIRA - URBANO;2024-02-05 04:59;16.15
ZIPAQUIRA - URBANO;2024-02-05 03:59;9.16
ZIPAQUIRA - URBANO;2024-02-05 02:59;8.53
ZIPAQUIRA - URBANO;2024-02-05 01:59;4.94
ZIPAQUIRA - URBANO;2024-02-05 00:59;5.96
ZIPAQUIRA - URBANO;2024-02-04 23:59;9.04
ZIPAQUIRA - URBANO;2024-02-04 22:59;12.83
ZIPAQUIRA - URBANO;2024-02-04 21:59;11.95
ZIPAQUIRA - URBANO;2024-02-04 20:59;12.4
ZIPAQUIRA - URBANO;2024-02-04 19:59;10.68
ZIPAQUIRA - URBANO;2024-02-04 18:59;9.17
ZIPAQUIRA - URBANO;2024-02-04 17:59;8.34
ZIPAQUIRA - URBANO;2024-02-04 16:59;6.31
ZIPAQUIRA - URBANO;2024-02-04 15:59;5.47
ZIPAQUIRA - URBANO;2024-02-04 14:59;5.05
ZIPAQUIRA - URBANO;2024-02-04 13:59;6.02
ZIPAQUIRA - URBANO;2024-02-04 12:59;6.27
ZIPAQUIRA - URBANO;2024-02-04 11:59;4.74
ZIPAQUIRA - URBANO;2024-02-04 10:59;7.03
ZIPAQUIRA - URBANO;2024-02-04 09:59;8.58
ZIPAQUIRA - URBANO;2024-02-04 08:59;16.49
ZIPAQUIRA - URBANO;2024-02-04 07:59;13.81
ZIPAQUIRA - URBANO;2024-02-04 06:59;10.97
ZIPAQUIRA - URBANO;2024-02-04 05:59;9.19
ZIPAQUIRA - URBANO;2024-02-04 04:59;4.01
ZIPAQUIRA - URBANO;2024-02-04 03:59;3.1
ZIPAQUIRA - URBANO;2024-02-04 01:59;7.65
ZIPAQUIRA - URBANO;2024-02-04 00:59;9.62
ZIPAQUIRA - URBANO;2024-02-03 23:59;14.25
ZIPAQUIRA - URBANO;2024-02-03 22:59;16.6
ZIPAQUIRA - URBANO;2024-02-03 21:59;16.12
ZIPAQUIRA - URBANO;2024-02-03 20:59;21.02
ZIPAQUIRA - URBANO;2024-02-03 19:59;17.9
ZIPAQUIRA - URBANO;2024-02-03 18:59;10.93
ZIPAQUIRA - URBANO;2024-02-03 17:59;8.02
ZIPAQUIRA - URBANO;2024-02-03 16:59;7.49
ZIPAQUIRA - URBANO;2024-02-03 15:59;6.26
ZIPAQUIRA - URBANO;2024-02-03 13:59;7.74
ZIPAQUIRA - URBANO;2024-02-03 12:59;7.95
ZIPAQUIRA - URBANO;2024-02-03 11:59;13.08
ZIPAQUIRA - URBANO;2024-02-03 10:59;14.8
ZIPAQUIRA - URBANO;2024-02-03 09:59;16.51
ZIPAQUIRA - URBANO;2024-02-03 08:59;18.45
ZIPAQUIRA - URBANO;2024-02-03 07:59;31.29
ZIPAQUIRA - URBANO;2024-02-03 06:59;32.23
ZIPAQUIRA - URBANO;2024-02-03 05:59;27.54
ZIPAQUIRA - URBANO;2024-02-03 04:59;24.02
ZIPAQUIRA - URBANO;2024-02-03 03:59;24.29
ZIPAQUIRA - URBANO;2024-02-03 02:59;23.22
ZIPAQUIRA - URBANO;2024-02-03 01:59;21.56
ZIPAQUIRA - URBANO;2024-02-03 00:59;16.4
ZIPAQUIRA - URBANO;2024-02-02 23:59;15.29
ZIPAQUIRA - URBANO;2024-02-02 22:59;14.97
ZIPAQUIRA - URBANO;2024-02-02 21:59;16.25
ZIPAQUIRA - URBANO;2024-02-02 20:59;19.33
ZIPAQUIRA - URBANO;2024-02-02 19:59;19.15
ZIPAQUIRA - URBANO;2024-02-02 18:59;21.04
ZIPAQUIRA - URBANO;2024-02-02 17:59;24.73
ZIPAQUIRA - URBANO;2024-02-02 16:59;20.43
ZIPAQUIRA - URBANO;2024-02-02 15:59;12.66
ZIPAQUIRA - URBANO;2024-02-02 14:59;10.51
ZIPAQUIRA - URBANO;2024-02-02 13:59;12.64
ZIPAQUIRA - URBANO;2024-02-02 12:59;11.84
ZIPAQUIRA - URBANO;2024-02-02 11:59;14.2
ZIPAQUIRA - URBANO;2024-02-02 10:59;15.34
ZIPAQUIRA - URBANO;2024-02-02 09:59;19.02
ZIPAQUIRA - URBANO;2024-02-02 08:59;19.54
ZIPAQUIRA - URBANO;2024-02-02 07:59;22.99
ZIPAQUIRA - URBANO;2024-02-02 06:59;39.78
ZIPAQUIRA - URBANO;2024-02-02 05:59;28.22
ZIPAQUIRA - URBANO;2024-02-02 04:59;17.21
ZIPAQUIRA - URBANO;2024-02-02 03:59;16.68
ZIPAQUIRA - URBANO;2024-02-02 02:59;15.91
ZIPAQUIRA - URBANO;2024-02-02 01:59;17.67
ZIPAQUIRA - URBANO;2024-02-02 00:59;15.38
ZIPAQUIRA - URBANO;2024-02-01 23:59;17.59
ZIPAQUIRA - URBANO;2024-02-01 22:59;16.78
ZIPAQUIRA - URBANO;2024-02-01 21:59;18.21
ZIPAQUIRA - URBANO;2024-02-01 20:59;24.57
ZIPAQUIRA - URBANO;2024-02-01 19:59;25.47
ZIPAQUIRA - URBANO;2024-02-01 18:59;26.31
ZIPAQUIRA - URBANO;2024-02-01 17:59;25.78
ZIPAQUIRA - URBANO;2024-02-01 16:59;23.1
ZIPAQUIRA - URBANO;2024-02-01 15:59;22.16
ZIPAQUIRA - URBANO;2024-02-01 14:59;12.96
ZIPAQUIRA - URBANO;2024-02-01 13:59;12.91
ZIPAQUIRA - URBANO;2024-02-01 12:59;12.55
ZIPAQUIRA - URBANO;2024-02-01 11:59;11.37
ZIPAQUIRA - URBANO;2024-02-01 10:59;15.38
ZIPAQUIRA - URBANO;2024-02-01 09:59;16.48
ZIPAQUIRA - URBANO;2024-02-01 08:59;28.19
ZIPAQUIRA - URBANO;2024-02-01 07:59;36.58
ZIPAQUIRA - URBANO;2024-02-01 06:59;38.17
ZIPAQUIRA - URBANO;2024-02-01 05:59;26.41
ZIPAQUIRA - URBANO;2024-02-01 04:59;27.36
ZIPAQUIRA - URBANO;2024-02-01 03:59;13.56
ZIPAQUIRA - URBANO;2024-02-01 02:59;15.08
ZIPAQUIRA - URBANO;2024-02-01 01:59;8.13
ZIPAQUIRA - URBANO;2024-02-01 00:59;11.43
ZIPAQUIRA - URBANO;2024-01-31 23:59;12.53
ZIPAQUIRA - URBANO;2024-01-31 22:59;16.44
ZIPAQUIRA - URBANO;2024-01-31 21:59;15.74
ZIPAQUIRA - URBANO;2024-01-31 20:59;15.28
ZIPAQUIRA - URBANO;2024-01-31 19:59;13.17
ZIPAQUIRA - URBANO;2024-01-31 18:59;22.22
ZIPAQUIRA - URBANO;2024-01-31 17:59;25.77
ZIPAQUIRA - URBANO;2024-01-31 16:59;20.63
ZIPAQUIRA - URBANO;2024-01-31 15:59;17.56
ZIPAQUIRA - URBANO;2024-01-31 14:59;15.03
ZIPAQUIRA - URBANO;2024-01-31 13:59;13.53
ZIPAQUIRA - URBANO;2024-01-31 12:59;13.03
ZIPAQUIRA - URBANO;2024-01-31 11:59;14.28
ZIPAQUIRA - URBANO;2024-01-31 10:59;13.3
ZIPAQUIRA - URBANO;2024-01-31 09:59;23.42
ZIPAQUIRA - URBANO;2024-01-31 08:59;58.88
ZIPAQUIRA - URBANO;2024-01-31 07:59;53.21
ZIPAQUIRA - URBANO;2024-01-31 06:59;63.46
ZIPAQUIRA - URBANO;2024-01-31 05:59;62.57
ZIPAQUIRA - URBANO;2024-01-31 04:59;52.46
ZIPAQUIRA - URBANO;2024-01-31 03:59;41.76
ZIPAQUIRA - URBANO;2024-01-31 02:59;35.56
ZIPAQUIRA - URBANO;2024-01-31 01:59;26.85
ZIPAQUIRA - URBANO;2024-01-31 00:59;19.5
ZIPAQUIRA - URBANO;2024-01-30 23:59;18.73
ZIPAQUIRA - URBANO;2024-01-30 22:59;18.69
ZIPAQUIRA - URBANO;2024-01-30 21:59;24.67
ZIPAQUIRA - URBANO;2024-01-30 20:59;25.52
ZIPAQUIRA - URBANO;2024-01-30 19:59;22.06
ZIPAQUIRA - URBANO;2024-01-30 18:59;22.01
ZIPAQUIRA - URBANO;2024-01-30 17:59;24.1
ZIPAQUIRA - URBANO;2024-01-30 16:59;26.73
ZIPAQUIRA - URBANO;2024-01-30 15:59;23.86
ZIPAQUIRA - URBANO;2024-01-30 14:59;18.62
ZIPAQUIRA - URBANO;2024-01-30 13:59;10.43
ZIPAQUIRA - URBANO;2024-01-30 12:59;14.59
ZIPAQUIRA - URBANO;2024-01-30 11:59;17.87
ZIPAQUIRA - URBANO;2024-01-30 10:59;17.52
ZIPAQUIRA - URBANO;2024-01-30 09:59;23.53
ZIPAQUIRA - URBANO;2024-01-30 08:59;64.04
ZIPAQUIRA - URBANO;2024-01-30 07:59;54.84
ZIPAQUIRA - URBANO;2024-01-30 06:59;35.18
ZIPAQUIRA - URBANO;2024-01-30 05:59;43.42
ZIPAQUIRA - URBANO;2024-01-30 04:59;46.17
ZIPAQUIRA - URBANO;2024-01-30 03:59;31.94
ZIPAQUIRA - URBANO;2024-01-30 02:59;23.01
ZIPAQUIRA - URBANO;2024-01-30 01:59;19.12
ZIPAQUIRA - URBANO;2024-01-30 00:59;18.49
ZIPAQUIRA - URBANO;2024-01-29 23:59;22.48
ZIPAQUIRA - URBANO;2024-01-29 22:59;24.66
ZIPAQUIRA - URBANO;2024-01-29 21:59;22.88
ZIPAQUIRA - URBANO;2024-01-29 20:59;26.94
ZIPAQUIRA - URBANO;2024-01-29 19:59;23.5
ZIPAQUIRA - URBANO;2024-01-29 18:59;18.73
ZIPAQUIRA - URBANO;2024-01-29 17:59;25.05
ZIPAQUIRA - URBANO;2024-01-29 16:59;28.55
ZIPAQUIRA - URBANO;2024-01-29 15:59;27.28
ZIPAQUIRA - URBANO;2024-01-29 14:59;26.23
ZIPAQUIRA - URBANO;2024-01-29 13:59;10.03
ZIPAQUIRA - URBANO;2024-01-29 12:59;8.06
ZIPAQUIRA - URBANO;2024-01-29 11:59;9.16
ZIPAQUIRA - URBANO;2024-01-29 10:59;11.8
ZIPAQUIRA - URBANO;2024-01-29 09:59;15.84
ZIPAQUIRA - URBANO;2024-01-29 08:59;15.3
ZIPAQUIRA - URBANO;2024-01-29 07:59;18.51
ZIPAQUIRA - URBANO;2024-01-29 06:59;22.58
ZIPAQUIRA - URBANO;2024-01-29 05:59;19.63
ZIPAQUIRA - URBANO;2024-01-29 04:59;18.69
ZIPAQUIRA - URBANO;2024-01-29 03:59;18.92
ZIPAQUIRA - URBANO;2024-01-29 02:59;16.12
ZIPAQUIRA - URBANO;2024-01-29 01:59;16.67
ZIPAQUIRA - URBANO;2024-01-29 00:59;17.66
ZIPAQUIRA - URBANO;2024-01-28 23:59;17.94
ZIPAQUIRA - URBANO;2024-01-28 22:59;18.42
ZIPAQUIRA - URBANO;2024-01-28 21:59;18.28
ZIPAQUIRA - URBANO;2024-01-28 20:59;17.3
ZIPAQUIRA - URBANO;2024-01-28 19:59;16.11
ZIPAQUIRA - URBANO;2024-01-28 18:59;13.06
ZIPAQUIRA - URBANO;2024-01-28 16:59;21.9
ZIPAQUIRA - URBANO;2024-01-28 15:59;18.99
ZIPAQUIRA - URBANO;2024-01-28 14:59;19.85
ZIPAQUIRA - URBANO;2024-01-28 13:59;18.4
ZIPAQUIRA - URBANO;2024-01-28 12:59;18.87
ZIPAQUIRA - URBANO;2024-01-28 11:59;18.42
ZIPAQUIRA - URBANO;2024-01-28 10:59;18.39
ZIPAQUIRA - URBANO;2024-01-28 09:59;19.35
ZIPAQUIRA - URBANO;2024-01-28 08:59;29.32
ZIPAQUIRA - URBANO;2024-01-28 07:59;40.04
ZIPAQUIRA - URBANO;2024-01-28 06:59;47.98
ZIPAQUIRA - URBANO;2024-01-28 05:59;48.37
ZIPAQUIRA - URBANO;2024-01-28 04:59;46.51
ZIPAQUIRA - URBANO;2024-01-28 03:59;43.55
ZIPAQUIRA - URBANO;2024-01-28 02:59;39.9
ZIPAQUIRA - URBANO;2024-01-28 01:59;31.27
ZIPAQUIRA - URBANO;2024-01-28 00:59;35.6
ZIPAQUIRA - URBANO;2024-01-27 23:59;38.59
ZIPAQUIRA - URBANO;2024-01-27 22:59;33.19
ZIPAQUIRA - URBANO;2024-01-27 21:59;30.74
ZIPAQUIRA - URBANO;2024-01-27 20:59;53.48
ZIPAQUIRA - URBANO;2024-01-27 19:59;33.66
ZIPAQUIRA - URBANO;2024-01-27 18:59;28.73
ZIPAQUIRA - URBANO;2024-01-27 17:59;22.95
ZIPAQUIRA - URBANO;2024-01-27 16:59;24.8
ZIPAQUIRA - URBANO;2024-01-27 15:59;20.84
ZIPAQUIRA - URBANO;2024-01-27 14:59;19.7
ZIPAQUIRA - URBANO;2024-01-27 13:59;21.29
ZIPAQUIRA - URBANO;2024-01-27 12:59;17.75
ZIPAQUIRA - URBANO;2024-01-27 11:59;18.72
ZIPAQUIRA - URBANO;2024-01-27 10:59;25.09
ZIPAQUIRA - URBANO;2024-01-27 09:59;24.64
ZIPAQUIRA - URBANO;2024-01-27 08:59;44.12
ZIPAQUIRA - URBANO;2024-01-27 07:59;88.73
ZIPAQUIRA - URBANO;2024-01-27 06:59;101.52
ZIPAQUIRA - URBANO;2024-01-27 05:59;77.34
ZIPAQUIRA - URBANO;2024-01-27 04:59;84.44
ZIPAQUIRA - URBANO;2024-01-27 03:59;69.2
ZIPAQUIRA - URBANO;2024-01-27 02:59;56.09
ZIPAQUIRA - URBANO;2024-01-27 01:59;61.17
ZIPAQUIRA - URBANO;2024-01-27 00:59;54.32
ZIPAQUIRA - URBANO;2024-01-26 23:59;33.72
ZIPAQUIRA - URBANO;2024-01-26 22:59;19.62
ZIPAQUIRA - URBANO;2024-01-26 21:59;23.2
ZIPAQUIRA - URBANO;2024-01-26 20:59;24.7
ZIPAQUIRA - URBANO;2024-01-26 19:59;26.38
ZIPAQUIRA - URBANO;2024-01-26 18:59;27.45
ZIPAQUIRA - URBANO;2024-01-26 17:59;21.82
ZIPAQUIRA - URBANO;2024-01-26 16:59;22.56
ZIPAQUIRA - URBANO;2024-01-26 15:59;18.3
ZIPAQUIRA - URBANO;2024-01-26 14:59;19.27
ZIPAQUIRA - URBANO;2024-01-26 13:59;17.32
ZIPAQUIRA - URBANO;2024-01-26 12:59;16.38
ZIPAQUIRA - URBANO;2024-01-26 11:59;24.89
ZIPAQUIRA - URBANO;2024-01-26 10:59;34.27
ZIPAQUIRA - URBANO;2024-01-26 09:59;33.26
ZIPAQUIRA - URBANO;2024-01-26 08:59;52.75
ZIPAQUIRA - URBANO;2024-01-26 07:59;101.91
ZIPAQUIRA - URBANO;2024-01-26 06:59;111.49
ZIPAQUIRA - URBANO;2024-01-26 05:59;99.66
ZIPAQUIRA - URBANO;2024-01-26 04:59;96.94
ZIPAQUIRA - URBANO;2024-01-26 03:59;93.06
ZIPAQUIRA - URBANO;2024-01-26 02:59;99.51
ZIPAQUIRA - URBANO;2024-01-26 01:59;131.38
ZIPAQUIRA - URBANO;2024-01-26 00:59;105.3
ZIPAQUIRA - URBANO;2024-01-25 23:59;42.12
ZIPAQUIRA - URBANO;2024-01-25 22:59;25.81
ZIPAQUIRA - URBANO;2024-01-25 21:59;23.61
ZIPAQUIRA - URBANO;2024-01-25 20:59;21.87
ZIPAQUIRA - URBANO;2024-01-25 20:00;21.96
ZIPAQUIRA - URBANO;2024-01-25 19:00;21.36
ZIPAQUIRA - URBANO;2024-01-25 18:00;21.67
ZIPAQUIRA - URBANO;2024-01-25 16:59;21.51
ZIPAQUIRA - URBANO;2024-01-25 15:59;15.75
ZIPAQUIRA - URBANO;2024-01-25 14:59;20.36
ZIPAQUIRA - URBANO;2024-01-25 13:59;21.52
ZIPAQUIRA - URBANO;2024-01-25 12:59;22.2
ZIPAQUIRA - URBANO;2024-01-25 11:59;29.12
ZIPAQUIRA - URBANO;2024-01-25 10:59;37.64
ZIPAQUIRA - URBANO;2024-01-25 09:59;63.54
ZIPAQUIRA - URBANO;2024-01-25 08:59;121.69
ZIPAQUIRA - URBANO;2024-01-25 07:59;79.52
ZIPAQUIRA - URBANO;2024-01-25 06:59;59.33
ZIPAQUIRA - URBANO;2024-01-25 05:59;55.26
ZIPAQUIRA - URBANO;2024-01-25 04:59;56.66
ZIPAQUIRA - URBANO;2024-01-25 03:59;40.04
ZIPAQUIRA - URBANO;2024-01-25 02:59;27.59
ZIPAQUIRA - URBANO;2024-01-25 01:59;33.73
ZIPAQUIRA - URBANO;2024-01-25 00:59;11.69
ZIPAQUIRA - URBANO;2024-01-24 23:59;23.6
ZIPAQUIRA - URBANO;2024-01-24 22:59;21.98
ZIPAQUIRA - URBANO;2024-01-24 21:59;17.94
ZIPAQUIRA - URBANO;2024-01-24 20:59;12.79
ZIPAQUIRA - URBANO;2024-01-24 19:59;15.11
ZIPAQUIRA - URBANO;2024-01-24 18:59;23.13
ZIPAQUIRA - URBANO;2024-01-24 17:59;15.93
ZIPAQUIRA - URBANO;2024-01-24 16:59;12.77
ZIPAQUIRA - URBANO;2024-01-24 15:59;13.76
ZIPAQUIRA - URBANO;2024-01-24 14:59;12.4
ZIPAQUIRA - URBANO;2024-01-24 13:59;36.51
ZIPAQUIRA - URBANO;2024-01-24 12:59;32.62
ZIPAQUIRA - URBANO;2024-01-24 11:59;35.44
ZIPAQUIRA - URBANO;2024-01-24 10:59;28.21
ZIPAQUIRA - URBANO;2024-01-24 09:59;26.12
ZIPAQUIRA - URBANO;2024-01-24 08:59;21.61
ZIPAQUIRA - URBANO;2024-01-24 07:59;64.86
ZIPAQUIRA - URBANO;2024-01-24 06:59;66.17
ZIPAQUIRA - URBANO;2024-01-24 05:59;52.64
ZIPAQUIRA - URBANO;2024-01-24 04:59;27.61
ZIPAQUIRA - URBANO;2024-01-24 03:59;28.14
ZIPAQUIRA - URBANO;2024-01-24 02:59;24.34
ZIPAQUIRA - URBANO;2024-01-24 01:59;20.7
ZIPAQUIRA - URBANO;2024-01-24 00:59;19.93
ZIPAQUIRA - URBANO;2024-01-23 23:59;18.01
ZIPAQUIRA - URBANO;2024-01-23 22:59;13.53
ZIPAQUIRA - URBANO;2024-01-23 21:59;14.89
ZIPAQUIRA - URBANO;2024-01-23 20:59;14.2
ZIPAQUIRA - URBANO;2024-01-23 19:59;21.63
ZIPAQUIRA - URBANO;2024-01-23 18:59;25.89
ZIPAQUIRA - URBANO;2024-01-23 17:59;16.66
ZIPAQUIRA - URBANO;2024-01-23 16:59;11.95
ZIPAQUIRA - URBANO;2024-01-23 15:59;12.48
ZIPAQUIRA - URBANO;2024-01-23 14:59;15.84
ZIPAQUIRA - URBANO;2024-01-23 13:59;16.37
ZIPAQUIRA - URBANO;2024-01-23 12:59;16.17
ZIPAQUIRA - URBANO;2024-01-23 11:59;16.09
ZIPAQUIRA - URBANO;2024-01-23 10:59;16.24
ZIPAQUIRA - URBANO;2024-01-23 09:59;16.7
ZIPAQUIRA - URBANO;2024-01-23 08:59;12.96
ZIPAQUIRA - URBANO;2024-01-23 07:59;46.98
ZIPAQUIRA - URBANO;2024-01-23 06:59;68.32
ZIPAQUIRA - URBANO;2024-01-23 05:59;46.76
ZIPAQUIRA - URBANO;2024-01-23 04:59;33.65
ZIPAQUIRA - URBANO;2024-01-23 03:59;26.78
ZIPAQUIRA - URBANO;2024-01-23 02:59;20.3
ZIPAQUIRA - URBANO;2024-01-23 01:59;24.02
ZIPAQUIRA - URBANO;2024-01-23 00:59;24.57
ZIPAQUIRA - URBANO;2024-01-22 23:59;21.24
ZIPAQUIRA - URBANO;2024-01-22 22:59;22.33
ZIPAQUIRA - URBANO;2024-01-22 21:59;17.2
ZIPAQUIRA - URBANO;2024-01-22 20:59;21.81
ZIPAQUIRA - URBANO;2024-01-22 19:59;20.8
ZIPAQUIRA - URBANO;2024-01-22 18:59;24.01
ZIPAQUIRA - URBANO;2024-01-22 17:59;23.54
ZIPAQUIRA - URBANO;2024-01-22 16:59;7.97
ZIPAQUIRA - URBANO;2024-01-22 15:59;6.92
ZIPAQUIRA - URBANO;2024-01-22 14:59;11.2
ZIPAQUIRA - URBANO;2024-01-22 13:59;10.0
ZIPAQUIRA - URBANO;2024-01-22 12:59;9.06
ZIPAQUIRA - URBANO;2024-01-22 11:59;12.63
ZIPAQUIRA - URBANO;2024-01-22 10:59;14.2
ZIPAQUIRA - URBANO;2024-01-22 09:59;11.8
ZIPAQUIRA - URBANO;2024-01-22 08:59;15.69
ZIPAQUIRA - URBANO;2024-01-22 07:59;22.51
ZIPAQUIRA - URBANO;2024-01-22 06:59;32.1
ZIPAQUIRA - URBANO;2024-01-22 05:59;19.07
ZIPAQUIRA - URBANO;2024-01-22 04:59;21.88
ZIPAQUIRA - URBANO;2024-01-22 03:59;14.6
ZIPAQUIRA - URBANO;2024-01-22 02:59;8.65
ZIPAQUIRA - URBANO;2024-01-22 01:59;9.79
ZIPAQUIRA - URBANO;2024-01-22 00:59;13.35
ZIPAQUIRA - URBANO;2024-01-21 23:59;10.23
ZIPAQUIRA - URBANO;2024-01-21 22:59;11.22
ZIPAQUIRA - URBANO;2024-01-21 21:59;16.09
ZIPAQUIRA - URBANO;2024-01-21 20:59;18.33
ZIPAQUIRA - URBANO;2024-01-21 19:59;16.23
ZIPAQUIRA - URBANO;2024-01-21 18:59;15.63
ZIPAQUIRA - URBANO;2024-01-21 17:59;14.22
ZIPAQUIRA - URBANO;2024-01-21 16:59;10.09
ZIPAQUIRA - URBANO;2024-01-21 15:59;7.69
ZIPAQUIRA - URBANO;2024-01-21 14:59;7.99
ZIPAQUIRA - URBANO;2024-01-21 13:59;6.81
ZIPAQUIRA - URBANO;2024-01-21 12:59;6.59
ZIPAQUIRA - URBANO;2024-01-21 11:59;7.99
ZIPAQUIRA - URBANO;2024-01-21 10:59;7.11
ZIPAQUIRA - URBANO;2024-01-21 09:59;6.83
ZIPAQUIRA - URBANO;2024-01-21 08:59;6.51
ZIPAQUIRA - URBANO;2024-01-21 07:59;7.54
ZIPAQUIRA - URBANO;2024-01-21 06:59;5.05
ZIPAQUIRA - URBANO;2024-01-21 05:59;6.14
ZIPAQUIRA - URBANO;2024-01-21 04:59;10.4
ZIPAQUIRA - URBANO;2024-01-21 03:59;15.96
ZIPAQUIRA - URBANO;2024-01-21 02:59;20.98
ZIPAQUIRA - URBANO;2024-01-21 01:59;23.97
ZIPAQUIRA - URBANO;2024-01-21 00:59;23.09
ZIPAQUIRA - URBANO;2024-01-20 23:59;27.52
ZIPAQUIRA - URBANO;2024-01-20 22:59;13.34
ZIPAQUIRA - URBANO;2024-01-20 21:59;17.63
ZIPAQUIRA - URBANO;2024-01-20 20:59;18.18
ZIPAQUIRA - URBANO;2024-01-20 19:59;19.06
ZIPAQUIRA - URBANO;2024-01-20 18:59;15.84
ZIPAQUIRA - URBANO;2024-01-20 17:59;15.83
ZIPAQUIRA - URBANO;2024-01-20 16:59;14.33
ZIPAQUIRA - URBANO;2024-01-20 15:59;6.37
ZIPAQUIRA - URBANO;2024-01-20 14:59;9.51
ZIPAQUIRA - URBANO;2024-01-20 13:59;8.5
ZIPAQUIRA - URBANO;2024-01-20 12:59;6.42
ZIPAQUIRA - URBANO;2024-01-20 11:59;9.18
ZIPAQUIRA - URBANO;2024-01-20 10:59;16.15
ZIPAQUIRA - URBANO;2024-01-20 09:59;22.79
ZIPAQUIRA - URBANO;2024-01-20 08:59;38.55
ZIPAQUIRA - URBANO;2024-01-20 07:59;38.76
ZIPAQUIRA - URBANO;2024-01-20 06:59;48.86
ZIPAQUIRA - URBANO;2024-01-20 05:59;33.6
ZIPAQUIRA - URBANO;2024-01-20 04:59;30.92
ZIPAQUIRA - URBANO;2024-01-20 03:59;39.27
ZIPAQUIRA - URBANO;2024-01-20 02:59;27.89
ZIPAQUIRA - URBANO;2024-01-20 01:59;26.72
ZIPAQUIRA - URBANO;2024-01-20 00:59;30.23
ZIPAQUIRA - URBANO;2024-01-19 23:59;42.9
ZIPAQUIRA - URBANO;2024-01-19 22:59;13.69
ZIPAQUIRA - URBANO;2024-01-19 21:59;14.33
ZIPAQUIRA - URBANO;2024-01-19 20:59;21.38
ZIPAQUIRA - URBANO;2024-01-19 19:59;19.47
ZIPAQUIRA - URBANO;2024-01-19 18:59;16.9
ZIPAQUIRA - URBANO;2024-01-19 17:59;23.74
ZIPAQUIRA - URBANO;2024-01-19 16:59;15.78
ZIPAQUIRA - URBANO;2024-01-19 15:59;11.71
ZIPAQUIRA - URBANO;2024-01-19 14:59;11.01
ZIPAQUIRA - URBANO;2024-01-19 13:59;20.28
ZIPAQUIRA - URBANO;2024-01-19 12:59;8.34
ZIPAQUIRA - URBANO;2024-01-19 11:59;10.22
ZIPAQUIRA - URBANO;2024-01-19 10:59;11.38
ZIPAQUIRA - URBANO;2024-01-19 09:59;14.31
ZIPAQUIRA - URBANO;2024-01-19 08:59;16.19
ZIPAQUIRA - URBANO;2024-01-19 07:59;60.37
ZIPAQUIRA - URBANO;2024-01-19 06:59;78.78
ZIPAQUIRA - URBANO;2024-01-19 05:59;28.34
ZIPAQUIRA - URBANO;2024-01-19 04:59;22.75
ZIPAQUIRA - URBANO;2024-01-19 03:59;23.36
ZIPAQUIRA - URBANO;2024-01-19 02:59;14.49
ZIPAQUIRA - URBANO;2024-01-19 01:59;6.11
ZIPAQUIRA - URBANO;2024-01-19 00:59;17.1
ZIPAQUIRA - URBANO;2024-01-18 23:59;7.55
ZIPAQUIRA - URBANO;2024-01-18 22:59;8.35
ZIPAQUIRA - URBANO;2024-01-18 21:59;19.51
ZIPAQUIRA - URBANO;2024-01-18 20:59;11.93
ZIPAQUIRA - URBANO;2024-01-18 19:59;15.42
ZIPAQUIRA - URBANO;2024-01-18 18:59;18.99
ZIPAQUIRA - URBANO;2024-01-18 17:59;20.79
ZIPAQUIRA - URBANO;2024-01-18 16:59;17.67
ZIPAQUIRA - URBANO;2024-01-18 15:59;17.21
ZIPAQUIRA - URBANO;2024-01-18 14:59;16.53
ZIPAQUIRA - URBANO;2024-01-18 13:59;20.8
ZIPAQUIRA - URBANO;2024-01-18 12:59;14.85
ZIPAQUIRA - URBANO;2024-01-18 11:59;10.84
ZIPAQUIRA - URBANO;2024-01-18 10:59;11.85
ZIPAQUIRA - URBANO;2024-01-18 09:59;14.53
ZIPAQUIRA - URBANO;2024-01-18 08:59;12.6
ZIPAQUIRA - URBANO;2024-01-18 07:59;23.41
ZIPAQUIRA - URBANO;2024-01-18 06:59;35.06
ZIPAQUIRA - URBANO;2024-01-18 05:59;52.86
ZIPAQUIRA - URBANO;2024-01-18 04:59;32.58
ZIPAQUIRA - URBANO;2024-01-18 03:59;16.68
ZIPAQUIRA - URBANO;2024-01-18 02:59;13.36
ZIPAQUIRA - URBANO;2024-01-18 01:59;13.54
ZIPAQUIRA - URBANO;2024-01-18 00:59;17.94
ZIPAQUIRA - URBANO;2024-01-17 23:59;19.73
ZIPAQUIRA - URBANO;2024-01-17 22:59;18.64
ZIPAQUIRA - URBANO;2024-01-17 21:59;26.13
ZIPAQUIRA - URBANO;2024-01-17 20:59;30.33
ZIPAQUIRA - URBANO;2024-01-17 19:59;18.01
ZIPAQUIRA - URBANO;2024-01-17 18:59;20.07
ZIPAQUIRA - URBANO;2024-01-17 17:59;20.81
ZIPAQUIRA - URBANO;2024-01-17 16:59;13.72
ZIPAQUIRA - URBANO;2024-01-17 15:59;14.39
ZIPAQUIRA - URBANO;2024-01-17 14:59;17.43
ZIPAQUIRA - URBANO;2024-01-17 13:59;13.38
ZIPAQUIRA - URBANO;2024-01-17 12:59;12.39
ZIPAQUIRA - URBANO;2024-01-17 11:59;13.01
ZIPAQUIRA - URBANO;2024-01-17 10:59;14.06
ZIPAQUIRA - URBANO;2024-01-17 09:59;13.69
ZIPAQUIRA - URBANO;2024-01-17 08:59;22.44
ZIPAQUIRA - URBANO;2024-01-17 07:59;55.1
ZIPAQUIRA - URBANO;2024-01-17 06:59;71.55
ZIPAQUIRA - URBANO;2024-01-17 05:59;70.93
ZIPAQUIRA - URBANO;2024-01-17 04:59;43.08
ZIPAQUIRA - URBANO;2024-01-17 03:59;31.65
ZIPAQUIRA - URBANO;2024-01-17 02:59;21.34
ZIPAQUIRA - URBANO;2024-01-17 01:59;20.13
ZIPAQUIRA - URBANO;2024-01-17 00:59;11.3
ZIPAQUIRA - URBANO;2024-01-16 23:59;17.2
ZIPAQUIRA - URBANO;2024-01-16 22:59;14.03
ZIPAQUIRA - URBANO;2024-01-16 21:59;10.48
ZIPAQUIRA - URBANO;2024-01-16 20:59;12.63
ZIPAQUIRA - URBANO;2024-01-16 19:59;14.71
ZIPAQUIRA - URBANO;2024-01-16 18:59;16.46
ZIPAQUIRA - URBANO;2024-01-16 17:59;24.88
ZIPAQUIRA - URBANO;2024-01-16 16:59;14.47
ZIPAQUIRA - URBANO;2024-01-16 15:59;8.83
ZIPAQUIRA - URBANO;2024-01-16 14:59;9.44
ZIPAQUIRA - URBANO;2024-01-16 13:59;9.5
ZIPAQUIRA - URBANO;2024-01-16 12:59;9.4
ZIPAQUIRA - URBANO;2024-01-16 11:59;9.76
ZIPAQUIRA - URBANO;2024-01-16 10:59;10.81
ZIPAQUIRA - URBANO;2024-01-16 09:59;10.17
ZIPAQUIRA - URBANO;2024-01-16 08:59;18.41
ZIPAQUIRA - URBANO;2024-01-16 08:00;55.73
ZIPAQUIRA - URBANO;2024-01-16 07:00;66.06
ZIPAQUIRA - URBANO;2024-01-16 06:00;39.52
ZIPAQUIRA - URBANO;2024-01-16 05:00;28.94
ZIPAQUIRA - URBANO;2024-01-16 04:00;19.67
ZIPAQUIRA - URBANO;2024-01-16 03:00;13.19
ZIPAQUIRA - URBANO;2024-01-16 02:00;16.78
ZIPAQUIRA - URBANO;2024-01-16 01:00;23.23
ZIPAQUIRA - URBANO;2024-01-16 00:00;9.93
ZIPAQUIRA - URBANO;2024-01-15 23:00;7.32
ZIPAQUIRA - URBANO;2024-01-15 22:00;9.96
ZIPAQUIRA - URBANO;2024-01-15 21:00;11.9
ZIPAQUIRA - URBANO;2024-01-15 20:00;10.62
ZIPAQUIRA - URBANO;2024-01-15 19:00;14.31
ZIPAQUIRA - URBANO;2024-01-15 18:00;16.62
ZIPAQUIRA - URBANO;2024-01-15 17:00;13.67
ZIPAQUIRA - URBANO;2024-01-15 16:00;10.05
ZIPAQUIRA - URBANO;2024-01-15 14:59;9.2
ZIPAQUIRA - URBANO;2024-01-15 13:59;10.81
ZIPAQUIRA - URBANO;2024-01-15 12:59;12.48
ZIPAQUIRA - URBANO;2024-01-15 12:00;11.99
ZIPAQUIRA - URBANO;2024-01-15 11:00;10.64
ZIPAQUIRA - URBANO;2024-01-15 09:59;10.61
ZIPAQUIRA - URBANO;2024-01-15 08:59;21.83
ZIPAQUIRA - URBANO;2024-01-15 08:00;59.99
ZIPAQUIRA - URBANO;2024-01-15 07:00;53.28
ZIPAQUIRA - URBANO;2024-01-15 06:00;55.76
ZIPAQUIRA - URBANO;2024-01-15 05:00;16.29
ZIPAQUIRA - URBANO;2024-01-15 04:00;19.55
ZIPAQUIRA - URBANO;2024-01-15 03:00;20.94
ZIPAQUIRA - URBANO;2024-01-15 02:00;26.05
ZIPAQUIRA - URBANO;2024-01-15 01:00;18.68
ZIPAQUIRA - URBANO;2024-01-15 00:00;16.4
ZIPAQUIRA - URBANO;2024-01-14 23:00;18.08
ZIPAQUIRA - URBANO;2024-01-14 22:00;17.0
ZIPAQUIRA - URBANO;2024-01-14 21:00;19.76
ZIPAQUIRA - URBANO;2024-01-14 20:00;19.03
ZIPAQUIRA - URBANO;2024-01-14 19:00;16.62
ZIPAQUIRA - URBANO;2024-01-14 18:00;16.16
ZIPAQUIRA - URBANO;2024-01-14 17:00;14.71
ZIPAQUIRA - URBANO;2024-01-14 16:00;13.14
ZIPAQUIRA - URBANO;2024-01-14 15:00;12.05
ZIPAQUIRA - URBANO;2024-01-14 14:00;10.39
ZIPAQUIRA - URBANO;2024-01-14 13:00;8.47
ZIPAQUIRA - URBANO;2024-01-14 12:00;7.8
ZIPAQUIRA - URBANO;2024-01-14 11:00;9.51
ZIPAQUIRA - URBANO;2024-01-14 09:59;13.83
ZIPAQUIRA - URBANO;2024-01-14 08:59;16.2
ZIPAQUIRA - URBANO;2024-01-14 08:00;33.27
ZIPAQUIRA - URBANO;2024-01-14 07:00;41.8
ZIPAQUIRA - URBANO;2024-01-14 06:00;28.34
ZIPAQUIRA - URBANO;2024-01-14 05:00;26.16
ZIPAQUIRA - URBANO;2024-01-14 04:00;25.96
ZIPAQUIRA - URBANO;2024-01-14 03:00;24.73
ZIPAQUIRA - URBANO;2024-01-14 02:00;19.1
ZIPAQUIRA - URBANO;2024-01-14 01:00;18.4
ZIPAQUIRA - URBANO;2024-01-14 00:00;16.51
ZIPAQUIRA - URBANO;2024-01-13 22:59;18.92
ZIPAQUIRA - URBANO;2024-01-13 22:00;20.14
ZIPAQUIRA - URBANO;2024-01-13 20:59;17.65
ZIPAQUIRA - URBANO;2024-01-13 20:00;19.93
ZIPAQUIRA - URBANO;2024-01-13 19:00;19.21
ZIPAQUIRA - URBANO;2024-01-13 18:00;16.29
ZIPAQUIRA - URBANO;2024-01-13 16:59;16.16
ZIPAQUIRA - URBANO;2024-01-13 15:59;16.09
ZIPAQUIRA - URBANO;2024-01-13 15:00;16.79
ZIPAQUIRA - URBANO;2024-01-13 13:59;23.29
ZIPAQUIRA - URBANO;2024-01-13 12:59;14.3
ZIPAQUIRA - URBANO;2024-01-13 11:59;13.45
ZIPAQUIRA - URBANO;2024-01-13 10:59;14.2
ZIPAQUIRA - URBANO;2024-01-13 09:59;21.53
ZIPAQUIRA - URBANO;2024-01-13 08:59;24.8
ZIPAQUIRA - URBANO;2024-01-13 08:00;36.12
ZIPAQUIRA - URBANO;2024-01-13 07:00;62.47
ZIPAQUIRA - URBANO;2024-01-13 06:00;30.06
ZIPAQUIRA - URBANO;2024-01-13 05:00;30.86
ZIPAQUIRA - URBANO;2024-01-13 04:00;12.92
ZIPAQUIRA - URBANO;2024-01-13 03:00;20.76
ZIPAQUIRA - URBANO;2024-01-13 02:00;30.69
ZIPAQUIRA - URBANO;2024-01-13 01:00;22.89
ZIPAQUIRA - URBANO;2024-01-13 00:00;26.87
ZIPAQUIRA - URBANO;2024-01-12 23:00;24.25
ZIPAQUIRA - URBANO;2024-01-12 22:00;17.08
ZIPAQUIRA - URBANO;2024-01-12 21:00;17.52
ZIPAQUIRA - URBANO;2024-01-12 20:00;17.05
ZIPAQUIRA - URBANO;2024-01-12 19:00;19.04
ZIPAQUIRA - URBANO;2024-01-12 18:00;16.05
ZIPAQUIRA - URBANO;2024-01-12 17:00;16.35
ZIPAQUIRA - URBANO;2024-01-12 16:00;13.39
ZIPAQUIRA - URBANO;2024-01-12 14:59;11.06
ZIPAQUIRA - URBANO;2024-01-12 13:59;8.15
ZIPAQUIRA - URBANO;2024-01-12 12:59;7.84
ZIPAQUIRA - URBANO;2024-01-12 12:00;12.54
ZIPAQUIRA - URBANO;2024-01-12 11:00;19.18
ZIPAQUIRA - URBANO;2024-01-12 10:00;16.75
ZIPAQUIRA - URBANO;2024-01-12 09:00;24.82
ZIPAQUIRA - URBANO;2024-01-12 08:00;40.05
ZIPAQUIRA - URBANO;2024-01-12 07:00;35.89
ZIPAQUIRA - URBANO;2024-01-12 06:00;32.39
ZIPAQUIRA - URBANO;2024-01-12 05:00;28.05
ZIPAQUIRA - URBANO;2024-01-12 04:00;21.73
ZIPAQUIRA - URBANO;2024-01-12 03:00;23.72
ZIPAQUIRA - URBANO;2024-01-12 02:00;23.18
ZIPAQUIRA - URBANO;2024-01-12 01:00;17.9
ZIPAQUIRA - URBANO;2024-01-12 00:00;16.56
ZIPAQUIRA - URBANO;2024-01-11 23:00;17.04
ZIPAQUIRA - URBANO;2024-01-11 22:00;16.92
ZIPAQUIRA - URBANO;2024-01-11 21:00;15.7
ZIPAQUIRA - URBANO;2024-01-11 20:00;14.15
ZIPAQUIRA - URBANO;2024-01-11 19:00;23.18
ZIPAQUIRA - URBANO;2024-01-11 18:00;20.66
ZIPAQUIRA - URBANO;2024-01-11 17:00;17.79
ZIPAQUIRA - URBANO;2024-01-11 16:00;16.26
ZIPAQUIRA - URBANO;2024-01-11 14:59;8.06
ZIPAQUIRA - URBANO;2024-01-11 13:59;10.27
ZIPAQUIRA - URBANO;2024-01-11 12:59;9.79
ZIPAQUIRA - URBANO;2024-01-11 12:00;12.09
ZIPAQUIRA - URBANO;2024-01-11 11:00;10.2
ZIPAQUIRA - URBANO;2024-01-11 10:00;10.46
ZIPAQUIRA - URBANO;2024-01-11 09:00;14.83
ZIPAQUIRA - URBANO;2024-01-11 08:00;49.0
ZIPAQUIRA - URBANO;2024-01-11 07:00;71.39
ZIPAQUIRA - URBANO;2024-01-11 06:00;47.65
ZIPAQUIRA - URBANO;2024-01-11 05:00;22.45
ZIPAQUIRA - URBANO;2024-01-11 04:00;19.98
ZIPAQUIRA - URBANO;2024-01-11 03:00;12.91
ZIPAQUIRA - URBANO;2024-01-11 02:00;18.37
ZIPAQUIRA - URBANO;2024-01-11 01:00;16.18
ZIPAQUIRA - URBANO;2024-01-11 00:00;22.53
ZIPAQUIRA - URBANO;2024-01-10 23:00;18.09
ZIPAQUIRA - URBANO;2024-01-10 22:00;13.54
ZIPAQUIRA - URBANO;2024-01-10 21:00;20.69
ZIPAQUIRA - URBANO;2024-01-10 20:00;16.07
ZIPAQUIRA - URBANO;2024-01-10 19:00;18.37
ZIPAQUIRA - URBANO;2024-01-10 18:00;14.61
ZIPAQUIRA - URBANO;2024-01-10 17:00;12.49
ZIPAQUIRA - URBANO;2024-01-10 17:00;8.41
ZIPAQUIRA - URBANO;2024-01-10 16:00;9.55
ZIPAQUIRA - URBANO;2024-01-10 15:00;12.88
ZIPAQUIRA - URBANO;2024-01-10 14:00;10.04
ZIPAQUIRA - URBANO;2024-01-10 13:00;7.21
ZIPAQUIRA - URBANO;2024-01-10 12:00;13.4
ZIPAQUIRA - URBANO;2024-01-10 11:00;15.37
ZIPAQUIRA - URBANO;2024-01-10 10:00;22.79
ZIPAQUIRA - URBANO;2024-01-10 09:00;50.67
ZIPAQUIRA - URBANO;2024-01-10 08:00;52.53
ZIPAQUIRA - URBANO;2024-01-10 07:00;47.53
ZIPAQUIRA - URBANO;2024-01-10 06:00;41.93
ZIPAQUIRA - URBANO;2024-01-10 05:00;39.72
ZIPAQUIRA - URBANO;2024-01-10 04:00;21.79
ZIPAQUIRA - URBANO;2024-01-10 03:00;27.54
ZIPAQUIRA - URBANO;2024-01-10 02:00;31.49
ZIPAQUIRA - URBANO;2024-01-10 01:00;32.42
ZIPAQUIRA - URBANO;2024-01-10 00:00;13.42
ZIPAQUIRA - URBANO;2024-01-09 23:00;16.76
ZIPAQUIRA - URBANO;2024-01-09 22:00;17.26
ZIPAQUIRA - URBANO;2024-01-09 21:00;17.25
ZIPAQUIRA - URBANO;2024-01-09 20:00;15.52
ZIPAQUIRA - URBANO;2024-01-09 19:00;16.67
ZIPAQUIRA - URBANO;2024-01-09 18:00;18.61
ZIPAQUIRA - URBANO;2024-01-09 17:00;12.09
ZIPAQUIRA - URBANO;2024-01-09 16:00;9.55
ZIPAQUIRA - URBANO;2024-01-09 15:00;9.77
ZIPAQUIRA - URBANO;2024-01-09 14:00;12.75
ZIPAQUIRA - URBANO;2024-01-09 13:00;9.71
ZIPAQUIRA - URBANO;2024-01-09 12:00;10.3
ZIPAQUIRA - URBANO;2024-01-09 11:00;19.9
ZIPAQUIRA - URBANO;2024-01-09 10:00;37.4
ZIPAQUIRA - URBANO;2024-01-09 09:00;55.07
ZIPAQUIRA - URBANO;2024-01-09 08:00;60.07
ZIPAQUIRA - URBANO;2024-01-09 07:00;32.65
ZIPAQUIRA - URBANO;2024-01-09 06:00;29.01
ZIPAQUIRA - URBANO;2024-01-09 05:00;26.59
ZIPAQUIRA - URBANO;2024-01-09 04:00;24.39
ZIPAQUIRA - URBANO;2024-01-09 03:00;15.5
ZIPAQUIRA - URBANO;2024-01-09 02:00;21.55
ZIPAQUIRA - URBANO;2024-01-09 01:00;26.15
ZIPAQUIRA - URBANO;2024-01-09 00:00;12.39
ZIPAQUIRA - URBANO;2024-01-08 23:00;18.3
ZIPAQUIRA - URBANO;2024-01-08 22:00;16.14
ZIPAQUIRA - URBANO;2024-01-08 21:00;15.65
ZIPAQUIRA - URBANO;2024-01-08 20:00;18.49
ZIPAQUIRA - URBANO;2024-01-08 19:00;15.98
ZIPAQUIRA - URBANO;2024-01-08 18:00;12.47
ZIPAQUIRA - URBANO;2024-01-08 17:00;10.1
ZIPAQUIRA - URBANO;2024-01-08 16:00;8.84
ZIPAQUIRA - URBANO;2024-01-08 15:00;8.21
ZIPAQUIRA - URBANO;2024-01-08 14:00;6.72
ZIPAQUIRA - URBANO;2024-01-08 13:00;8.34
ZIPAQUIRA - URBANO;2024-01-08 12:00;8.12
ZIPAQUIRA - URBANO;2024-01-08 11:00;6.62
ZIPAQUIRA - URBANO;2024-01-08 10:00;18.62
ZIPAQUIRA - URBANO;2024-01-08 09:00;20.13
ZIPAQUIRA - URBANO;2024-01-08 08:00;18.08
ZIPAQUIRA - URBANO;2024-01-08 07:00;26.32
ZIPAQUIRA - URBANO;2024-01-08 06:00;21.22
ZIPAQUIRA - URBANO;2024-01-08 05:00;20.23
ZIPAQUIRA - URBANO;2024-01-08 04:00;16.2
ZIPAQUIRA - URBANO;2024-01-08 03:00;16.4
ZIPAQUIRA - URBANO;2024-01-08 02:00;14.0
ZIPAQUIRA - URBANO;2024-01-08 01:00;10.22
ZIPAQUIRA - URBANO;2024-01-08 00:00;9.86
ZIPAQUIRA - URBANO;2024-01-07 23:00;9.88
ZIPAQUIRA - URBANO;2024-01-07 22:00;13.29
ZIPAQUIRA - URBANO;2024-01-07 21:00;17.04
ZIPAQUIRA - URBANO;2024-01-07 20:00;19.94
ZIPAQUIRA - URBANO;2024-01-07 19:00;17.56
ZIPAQUIRA - URBANO;2024-01-07 18:00;14.28
ZIPAQUIRA - URBANO;2024-01-07 17:00;10.25
ZIPAQUIRA - URBANO;2024-01-07 16:00;7.15
ZIPAQUIRA - URBANO;2024-01-07 15:00;8.01
ZIPAQUIRA - URBANO;2024-01-07 14:00;6.84
ZIPAQUIRA - URBANO;2024-01-07 13:00;6.91
ZIPAQUIRA - URBANO;2024-01-07 12:00;6.69
ZIPAQUIRA - URBANO;2024-01-07 11:00;7.98
ZIPAQUIRA - URBANO;2024-01-07 10:00;14.79
ZIPAQUIRA - URBANO;2024-01-07 09:00;33.24
ZIPAQUIRA - URBANO;2024-01-07 08:00;50.49
ZIPAQUIRA - URBANO;2024-01-07 07:00;26.15
ZIPAQUIRA - URBANO;2024-01-07 06:00;18.18
ZIPAQUIRA - URBANO;2024-01-07 05:00;21.16
ZIPAQUIRA - URBANO;2024-01-07 04:00;14.41
ZIPAQUIRA - URBANO;2024-01-07 03:00;17.0
ZIPAQUIRA - URBANO;2024-01-07 02:00;17.82
ZIPAQUIRA - URBANO;2024-01-07 01:00;11.99
ZIPAQUIRA - URBANO;2024-01-07 00:00;19.12
ZIPAQUIRA - URBANO;2024-01-06 23:00;25.51
ZIPAQUIRA - URBANO;2024-01-06 22:00;10.99
ZIPAQUIRA - URBANO;2024-01-06 21:00;12.36
ZIPAQUIRA - URBANO;2024-01-06 20:00;19.42
ZIPAQUIRA - URBANO;2024-01-06 19:00;18.7
ZIPAQUIRA - URBANO;2024-01-06 18:00;12.87
ZIPAQUIRA - URBANO;2024-01-06 17:00;7.92
ZIPAQUIRA - URBANO;2024-01-06 16:00;8.82
ZIPAQUIRA - URBANO;2024-01-06 15:00;7.16
ZIPAQUIRA - URBANO;2024-01-06 14:00;8.74
ZIPAQUIRA - URBANO;2024-01-06 13:00;9.51
ZIPAQUIRA - URBANO;2024-01-06 12:00;11.67
ZIPAQUIRA - URBANO;2024-01-06 11:00;17.13
ZIPAQUIRA - URBANO;2024-01-06 10:00;38.36
ZIPAQUIRA - URBANO;2024-01-06 09:00;32.02
ZIPAQUIRA - URBANO;2024-01-06 08:00;39.45
ZIPAQUIRA - URBANO;2024-01-06 07:00;53.22
ZIPAQUIRA - URBANO;2024-01-06 06:00;41.58
ZIPAQUIRA - URBANO;2024-01-06 05:00;21.66
ZIPAQUIRA - URBANO;2024-01-06 04:00;15.34
ZIPAQUIRA - URBANO;2024-01-06 03:00;21.18
ZIPAQUIRA - URBANO;2024-01-06 02:00;15.24
ZIPAQUIRA - URBANO;2024-01-06 01:00;21.21
ZIPAQUIRA - URBANO;2024-01-06 00:00;14.48
ZIPAQUIRA - URBANO;2024-01-05 23:00;16.14
ZIPAQUIRA - URBANO;2024-01-05 22:00;18.95
ZIPAQUIRA - URBANO;2024-01-05 21:00;19.75
ZIPAQUIRA - URBANO;2024-01-05 20:00;19.68
ZIPAQUIRA - URBANO;2024-01-05 19:00;17.08
ZIPAQUIRA - URBANO;2024-01-05 18:00;13.09
ZIPAQUIRA - URBANO;2024-01-05 17:00;14.75
ZIPAQUIRA - URBANO;2024-01-05 16:00;12.92
ZIPAQUIRA - URBANO;2024-01-05 15:00;11.89
ZIPAQUIRA - URBANO;2024-01-05 14:00;9.9
ZIPAQUIRA - URBANO;2024-01-05 13:00;9.73
ZIPAQUIRA - URBANO;2024-01-05 12:00;14.32
ZIPAQUIRA - URBANO;2024-01-05 11:00;20.45
ZIPAQUIRA - URBANO;2024-01-05 10:00;24.52
ZIPAQUIRA - URBANO;2024-01-05 09:00;34.21
ZIPAQUIRA - URBANO;2024-01-05 08:00;48.55
ZIPAQUIRA - URBANO;2024-01-05 07:00;32.83
ZIPAQUIRA - URBANO;2024-01-05 06:00;19.39
ZIPAQUIRA - URBANO;2024-01-05 05:00;18.39
ZIPAQUIRA - URBANO;2024-01-05 04:00;12.96
ZIPAQUIRA - URBANO;2024-01-05 03:00;16.28
ZIPAQUIRA - URBANO;2024-01-05 02:00;12.71
ZIPAQUIRA - URBANO;2024-01-05 01:00;9.39
ZIPAQUIRA - URBANO;2024-01-05 00:00;13.38
ZIPAQUIRA - URBANO;2024-01-04 23:00;15.06
ZIPAQUIRA - URBANO;2024-01-04 22:00;15.57
ZIPAQUIRA - URBANO;2024-01-04 21:00;16.21
ZIPAQUIRA - URBANO;2024-01-04 20:00;17.06
ZIPAQUIRA - URBANO;2024-01-04 19:00;12.42
ZIPAQUIRA - URBANO;2024-01-04 18:00;12.15
ZIPAQUIRA - URBANO;2024-01-04 17:00;9.74
ZIPAQUIRA - URBANO;2024-01-04 16:00;8.85
ZIPAQUIRA - URBANO;2024-01-04 15:00;7.82
ZIPAQUIRA - URBANO;2024-01-04 14:00;9.12
ZIPAQUIRA - URBANO;2024-01-04 13:00;11.74
ZIPAQUIRA - URBANO;2024-01-04 12:00;12.93
ZIPAQUIRA - URBANO;2024-01-04 11:00;15.14
ZIPAQUIRA - URBANO;2024-01-04 10:00;27.77
ZIPAQUIRA - URBANO;2024-01-04 09:00;45.76
ZIPAQUIRA - URBANO;2024-01-04 08:00;58.76
ZIPAQUIRA - URBANO;2024-01-04 07:00;37.9
ZIPAQUIRA - URBANO;2024-01-04 06:00;31.54
ZIPAQUIRA - URBANO;2024-01-04 05:00;18.65
ZIPAQUIRA - URBANO;2024-01-04 04:00;8.69
ZIPAQUIRA - URBANO;2024-01-04 03:00;12.65
ZIPAQUIRA - URBANO;2024-01-04 02:00;6.2
ZIPAQUIRA - URBANO;2024-01-04 01:00;8.52
ZIPAQUIRA - URBANO;2024-01-04 00:00;11.11
ZIPAQUIRA - URBANO;2024-01-03 23:00;12.3
ZIPAQUIRA - URBANO;2024-01-03 22:00;14.4
ZIPAQUIRA - URBANO;2024-01-03 21:00;15.25
ZIPAQUIRA - URBANO;2024-01-03 20:00;12.99
ZIPAQUIRA - URBANO;2024-01-03 19:00;14.6
ZIPAQUIRA - URBANO;2024-01-03 18:00;11.69
ZIPAQUIRA - URBANO;2024-01-03 17:00;12.99
ZIPAQUIRA - URBANO;2024-01-03 16:00;9.95
ZIPAQUIRA - URBANO;2024-01-03 15:00;8.95
ZIPAQUIRA - URBANO;2024-01-03 14:00;10.1
ZIPAQUIRA - URBANO;2024-01-03 13:00;10.11
ZIPAQUIRA - URBANO;2024-01-03 12:00;10.73
ZIPAQUIRA - URBANO;2024-01-03 11:00;12.91
ZIPAQUIRA - URBANO;2024-01-03 10:00;19.43
ZIPAQUIRA - URBANO;2024-01-03 09:00;29.77
ZIPAQUIRA - URBANO;2024-01-03 08:00;39.82
ZIPAQUIRA - URBANO;2024-01-03 07:00;45.18
ZIPAQUIRA - URBANO;2024-01-03 06:00;35.91
ZIPAQUIRA - URBANO;2024-01-03 05:00;13.54
ZIPAQUIRA - URBANO;2024-01-03 04:00;15.58
ZIPAQUIRA - URBANO;2024-01-03 03:00;14.39
ZIPAQUIRA - URBANO;2024-01-03 02:00;10.12
ZIPAQUIRA - URBANO;2024-01-03 01:00;11.57
ZIPAQUIRA - URBANO;2024-01-03 00:00;16.23
ZIPAQUIRA - URBANO;2024-01-02 23:00;19.91
ZIPAQUIRA - URBANO;2024-01-02 22:00;14.71
ZIPAQUIRA - URBANO;2024-01-02 21:00;15.79
ZIPAQUIRA - URBANO;2024-01-02 20:00;15.41
ZIPAQUIRA - URBANO;2024-01-02 19:00;14.2
ZIPAQUIRA - URBANO;2024-01-02 18:00;13.19
ZIPAQUIRA - URBANO;2024-01-02 17:00;11.93
ZIPAQUIRA - URBANO;2024-01-02 16:00;9.34
ZIPAQUIRA - URBANO;2024-01-02 15:00;8.37
ZIPAQUIRA - URBANO;2024-01-02 14:00;8.5
ZIPAQUIRA - URBANO;2024-01-02 13:00;10.12
ZIPAQUIRA - URBANO;2024-01-02 12:00;12.07
ZIPAQUIRA - URBANO;2024-01-02 11:00;13.8
ZIPAQUIRA - URBANO;2024-01-02 10:00;15.63
ZIPAQUIRA - URBANO;2024-01-02 09:00;23.27
ZIPAQUIRA - URBANO;2024-01-02 08:00;18.6
ZIPAQUIRA - URBANO;2024-01-02 07:00;19.19
ZIPAQUIRA - URBANO;2024-01-02 06:00;17.18
ZIPAQUIRA - URBANO;2024-01-02 05:00;14.68
ZIPAQUIRA - URBANO;2024-01-02 04:00;14.69
ZIPAQUIRA - URBANO;2024-01-02 03:00;14.38
ZIPAQUIRA - URBANO;2024-01-02 02:00;13.83
ZIPAQUIRA - URBANO;2024-01-02 01:00;12.26
ZIPAQUIRA - URBANO;2024-01-02 00:00;11.57
ZIPAQUIRA - URBANO;2024-01-01 23:00;12.68
ZIPAQUIRA - URBANO;2024-01-01 22:00;14.58
ZIPAQUIRA - URBANO;2024-01-01 21:00;16.47
ZIPAQUIRA - URBANO;2024-01-01 20:00;13.41
ZIPAQUIRA - URBANO;2024-01-01 19:00;11.92
ZIPAQUIRA - URBANO;2024-01-01 18:00;9.02
ZIPAQUIRA - URBANO;2024-01-01 17:00;5.83
ZIPAQUIRA - URBANO;2024-01-01 16:00;4.64
ZIPAQUIRA - URBANO;2024-01-01 15:00;5.01
ZIPAQUIRA - URBANO;2024-01-01 14:00;5.6
ZIPAQUIRA - URBANO;2024-01-01 13:00;6.07
ZIPAQUIRA - URBANO;2024-01-01 12:00;5.97
ZIPAQUIRA - URBANO;2024-01-01 11:00;10.14
ZIPAQUIRA - URBANO;2024-01-01 10:00;24.69
ZIPAQUIRA - URBANO;2024-01-01 09:00;39.42
ZIPAQUIRA - URBANO;2024-01-01 08:00;42.44
ZIPAQUIRA - URBANO;2024-01-01 07:00;42.41
ZIPAQUIRA - URBANO;2024-01-01 06:00;41.93
ZIPAQUIRA - URBANO;2024-01-01 05:00;46.34
ZIPAQUIRA - URBANO;2024-01-01 04:00;42.56
ZIPAQUIRA - URBANO;2024-01-01 03:00;52.91
ZIPAQUIRA - URBANO;2024-01-01 02:00;71.75
ZIPAQUIRA - URBANO;2024-01-01 01:00;67.19
ZIPAQUIRA - URBANO;2024-01-01 00:00;27.55
ZIPAQUIRA - URBANO;2023-12-31 22:00;25.26
ZIPAQUIRA - URBANO;2023-12-31 21:00;28.47
ZIPAQUIRA - URBANO;2023-12-31 20:00;22.55
ZIPAQUIRA - URBANO;2023-12-31 19:00;13.77
ZIPAQUIRA - URBANO;2023-12-31 18:00;9.91
ZIPAQUIRA - URBANO;2023-12-31 17:00;5.81
ZIPAQUIRA - URBANO;2023-12-31 15:00;9.55
ZIPAQUIRA - URBANO;2023-12-31 14:00;8.67
ZIPAQUIRA - URBANO;2023-12-31 13:00;9.59
ZIPAQUIRA - URBANO;2023-12-31 12:00;11.52
ZIPAQUIRA - URBANO;2023-12-31 11:00;10.15
ZIPAQUIRA - URBANO;2023-12-31 10:00;13.04
ZIPAQUIRA - URBANO;2023-12-31 09:00;14.32
ZIPAQUIRA - URBANO;2023-12-31 08:00;15.73
ZIPAQUIRA - URBANO;2023-12-31 07:00;17.12
ZIPAQUIRA - URBANO;2023-12-31 06:00;18.76
ZIPAQUIRA - URBANO;2023-12-31 05:00;12.49
ZIPAQUIRA - URBANO;2023-12-31 04:00;13.59
ZIPAQUIRA - URBANO;2023-12-31 03:00;12.67
ZIPAQUIRA - URBANO;2023-12-31 02:00;12.33
ZIPAQUIRA - URBANO;2023-12-31 01:00;16.94
ZIPAQUIRA - URBANO;2023-12-31 00:00;14.62
ZIPAQUIRA - URBANO;2023-12-30 23:00;10.84
ZIPAQUIRA - URBANO;2023-12-30 22:00;13.58
ZIPAQUIRA - URBANO;2023-12-30 21:00;13.29
ZIPAQUIRA - URBANO;2023-12-30 20:00;10.1
ZIPAQUIRA - URBANO;2023-12-30 19:00;10.2
ZIPAQUIRA - URBANO;2023-12-30 18:00;12.87
ZIPAQUIRA - URBANO;2023-12-30 17:00;11.51
ZIPAQUIRA - URBANO;2023-12-30 16:00;9.01
ZIPAQUIRA - URBANO;2023-12-30 15:00;11.08
ZIPAQUIRA - URBANO;2023-12-30 14:00;9.89
ZIPAQUIRA - URBANO;2023-12-30 13:00;8.52
ZIPAQUIRA - URBANO;2023-12-30 12:00;10.8
ZIPAQUIRA - URBANO;2023-12-30 11:00;10.41
ZIPAQUIRA - URBANO;2023-12-30 10:00;13.56
ZIPAQUIRA - URBANO;2023-12-30 09:00;22.02
ZIPAQUIRA - URBANO;2023-12-30 08:00;36.03
ZIPAQUIRA - URBANO;2023-12-30 07:00;34.95
ZIPAQUIRA - URBANO;2023-12-30 06:00;25.5
ZIPAQUIRA - URBANO;2023-12-30 05:00;21.62
ZIPAQUIRA - URBANO;2023-12-30 04:00;24.95
ZIPAQUIRA - URBANO;2023-12-30 03:00;17.11
ZIPAQUIRA - URBANO;2023-12-30 02:00;15.69
ZIPAQUIRA - URBANO;2023-12-30 01:00;11.71
ZIPAQUIRA - URBANO;2023-12-30 00:00;11.72
ZIPAQUIRA - URBANO;2023-12-29 23:00;13.3
ZIPAQUIRA - URBANO;2023-12-29 22:00;16.79
ZIPAQUIRA - URBANO;2023-12-29 21:00;18.04
ZIPAQUIRA - URBANO;2023-12-29 20:00;14.65
ZIPAQUIRA - URBANO;2023-12-29 19:00;15.2
ZIPAQUIRA - URBANO;2023-12-29 18:00;11.04
ZIPAQUIRA - URBANO;2023-12-29 17:00;15.15
ZIPAQUIRA - URBANO;2023-12-29 16:00;11.2
ZIPAQUIRA - URBANO;2023-12-29 15:00;8.97
ZIPAQUIRA - URBANO;2023-12-29 14:00;10.09
ZIPAQUIRA - URBANO;2023-12-29 13:00;10.78
ZIPAQUIRA - URBANO;2023-12-29 12:00;11.95
ZIPAQUIRA - URBANO;2023-12-29 11:00;11.36
ZIPAQUIRA - URBANO;2023-12-29 10:00;24.66
ZIPAQUIRA - URBANO;2023-12-29 09:00;30.27
ZIPAQUIRA - URBANO;2023-12-29 08:00;31.18
ZIPAQUIRA - URBANO;2023-12-29 07:00;35.49
ZIPAQUIRA - URBANO;2023-12-29 06:00;28.41
ZIPAQUIRA - URBANO;2023-12-29 05:00;11.53
ZIPAQUIRA - URBANO;2023-12-29 04:00;9.07
ZIPAQUIRA - URBANO;2023-12-29 03:00;8.64
ZIPAQUIRA - URBANO;2023-12-29 02:00;10.67
ZIPAQUIRA - URBANO;2023-12-29 01:00;8.43
ZIPAQUIRA - URBANO;2023-12-29 00:00;15.31
ZIPAQUIRA - URBANO;2023-12-28 23:00;14.41
ZIPAQUIRA - URBANO;2023-12-28 22:00;15.7
ZIPAQUIRA - URBANO;2023-12-28 21:00;11.43
ZIPAQUIRA - URBANO;2023-12-28 20:00;8.17
ZIPAQUIRA - URBANO;2023-12-28 17:00;12.58
ZIPAQUIRA - URBANO;2023-12-28 16:00;10.36
ZIPAQUIRA - URBANO;2023-12-28 15:00;5.96
ZIPAQUIRA - URBANO;2023-12-28 14:00;6.95
ZIPAQUIRA - URBANO;2023-12-28 13:00;8.89
ZIPAQUIRA - URBANO;2023-12-28 12:00;14.2
ZIPAQUIRA - URBANO;2023-12-28 11:00;13.55
ZIPAQUIRA - URBANO;2023-12-28 09:00;28.58
ZIPAQUIRA - URBANO;2023-12-28 08:00;31.4
ZIPAQUIRA - URBANO;2023-12-28 07:00;39.82
ZIPAQUIRA - URBANO;2023-12-28 06:00;25.34
ZIPAQUIRA - URBANO;2023-12-28 05:00;23.17
ZIPAQUIRA - URBANO;2023-12-28 04:00;18.36
ZIPAQUIRA - URBANO;2023-12-28 03:00;15.7
ZIPAQUIRA - URBANO;2023-12-28 02:00;17.25
ZIPAQUIRA - URBANO;2023-12-28 01:00;15.11
ZIPAQUIRA - URBANO;2023-12-28 00:00;17.06
ZIPAQUIRA - URBANO;2023-12-27 23:00;20.94
ZIPAQUIRA - URBANO;2023-12-27 22:00;25.34
ZIPAQUIRA - URBANO;2023-12-27 21:00;23.75
ZIPAQUIRA - URBANO;2023-12-27 20:00;23.7
ZIPAQUIRA - URBANO;2023-12-27 19:00;14.54
ZIPAQUIRA - URBANO;2023-12-27 18:00;21.02
ZIPAQUIRA - URBANO;2023-12-27 17:00;10.37
ZIPAQUIRA - URBANO;2023-12-27 16:00;10.31
ZIPAQUIRA - URBANO;2023-12-27 15:00;8.2
ZIPAQUIRA - URBANO;2023-12-27 14:00;8.5
ZIPAQUIRA - URBANO;2023-12-27 13:00;7.99
ZIPAQUIRA - URBANO;2023-12-27 12:00;15.91
ZIPAQUIRA - URBANO;2023-12-27 11:00;10.9
ZIPAQUIRA - URBANO;2023-12-27 10:00;26.41
ZIPAQUIRA - URBANO;2023-12-27 09:00;18.1
ZIPAQUIRA - URBANO;2023-12-27 08:00;31.24
ZIPAQUIRA - URBANO;2023-12-27 07:00;22.01
ZIPAQUIRA - URBANO;2023-12-27 06:00;23.26
ZIPAQUIRA - URBANO;2023-12-27 05:00;12.8
ZIPAQUIRA - URBANO;2023-12-27 04:00;15.96
ZIPAQUIRA - URBANO;2023-12-27 03:00;10.06
ZIPAQUIRA - URBANO;2023-12-27 02:00;10.23
ZIPAQUIRA - URBANO;2023-12-27 01:00;5.4
ZIPAQUIRA - URBANO;2023-12-27 00:00;4.93
ZIPAQUIRA - URBANO;2023-12-26 23:00;10.75
ZIPAQUIRA - URBANO;2023-12-26 22:00;7.78
ZIPAQUIRA - URBANO;2023-12-26 21:00;7.97
ZIPAQUIRA - URBANO;2023-12-26 20:00;9.58
ZIPAQUIRA - URBANO;2023-12-26 19:00;7.98
ZIPAQUIRA - URBANO;2023-12-26 18:00;12.39
ZIPAQUIRA - URBANO;2023-12-26 17:00;10.71
ZIPAQUIRA - URBANO;2023-12-26 16:00;10.82
ZIPAQUIRA - URBANO;2023-12-26 15:00;10.75
ZIPAQUIRA - URBANO;2023-12-26 14:00;8.82
ZIPAQUIRA - URBANO;2023-12-26 13:00;10.72
ZIPAQUIRA - URBANO;2023-12-26 12:00;10.65
ZIPAQUIRA - URBANO;2023-12-26 11:00;13.03
ZIPAQUIRA - URBANO;2023-12-26 10:00;12.65
ZIPAQUIRA - URBANO;2023-12-26 09:00;14.38
ZIPAQUIRA - URBANO;2023-12-26 08:00;21.4
ZIPAQUIRA - URBANO;2023-12-26 07:00;16.18
ZIPAQUIRA - URBANO;2023-12-26 06:00;18.65
ZIPAQUIRA - URBANO;2023-12-26 05:00;14.62
ZIPAQUIRA - URBANO;2023-12-26 04:00;12.2
ZIPAQUIRA - URBANO;2023-12-26 03:00;9.31
ZIPAQUIRA - URBANO;2023-12-26 02:00;5.44
ZIPAQUIRA - URBANO;2023-12-26 01:00;4.74
ZIPAQUIRA - URBANO;2023-12-26 00:00;4.69
ZIPAQUIRA - URBANO;2023-12-25 23:00;5.4
ZIPAQUIRA - URBANO;2023-12-25 22:00;8.25
ZIPAQUIRA - URBANO;2023-12-25 21:00;10.16
ZIPAQUIRA - URBANO;2023-12-25 20:00;9.25
ZIPAQUIRA - URBANO;2023-12-25 19:00;10.39
ZIPAQUIRA - URBANO;2023-12-25 18:00;9.17
ZIPAQUIRA - URBANO;2023-12-25 17:00;6.89
ZIPAQUIRA - URBANO;2023-12-25 16:00;5.34
ZIPAQUIRA - URBANO;2023-12-25 15:00;5.4
ZIPAQUIRA - URBANO;2023-12-25 14:00;5.07
ZIPAQUIRA - URBANO;2023-12-25 13:00;4.95
ZIPAQUIRA - URBANO;2023-12-25 12:00;6.12
ZIPAQUIRA - URBANO;2023-12-25 11:00;7.81
ZIPAQUIRA - URBANO;2023-12-25 10:00;11.03
ZIPAQUIRA - URBANO;2023-12-25 09:00;23.82
ZIPAQUIRA - URBANO;2023-12-25 08:00;25.74
ZIPAQUIRA - URBANO;2023-12-25 07:00;29.33
ZIPAQUIRA - URBANO;2023-12-25 06:00;22.91
ZIPAQUIRA - URBANO;2023-12-25 05:00;32.64
ZIPAQUIRA - URBANO;2023-12-25 04:00;27.38
ZIPAQUIRA - URBANO;2023-12-25 03:00;31.93
ZIPAQUIRA - URBANO;2023-12-25 02:00;29.84
ZIPAQUIRA - URBANO;2023-12-25 01:00;26.02
ZIPAQUIRA - URBANO;2023-12-25 00:00;24.88
ZIPAQUIRA - URBANO;2023-12-24 23:00;24.88
ZIPAQUIRA - URBANO;2023-12-24 22:00;25.28
ZIPAQUIRA - URBANO;2023-12-24 21:00;31.1
ZIPAQUIRA - URBANO;2023-12-24 20:00;19.19
ZIPAQUIRA - URBANO;2023-12-24 19:00;15.2
ZIPAQUIRA - URBANO;2023-12-24 18:00;9.84
ZIPAQUIRA - URBANO;2023-12-24 17:00;8.77
ZIPAQUIRA - URBANO;2023-12-24 16:00;6.23
ZIPAQUIRA - URBANO;2023-12-24 15:00;7.84
ZIPAQUIRA - URBANO;2023-12-24 14:00;7.18
ZIPAQUIRA - URBANO;2023-12-24 13:00;7.12
ZIPAQUIRA - URBANO;2023-12-24 12:00;7.1
ZIPAQUIRA - URBANO;2023-12-24 11:00;7.31
ZIPAQUIRA - URBANO;2023-12-24 10:00;13.44
ZIPAQUIRA - URBANO;2023-12-24 09:00;19.27
ZIPAQUIRA - URBANO;2023-12-24 08:00;27.44
ZIPAQUIRA - URBANO;2023-12-24 07:00;26.71
ZIPAQUIRA - URBANO;2023-12-24 06:00;23.49
ZIPAQUIRA - URBANO;2023-12-24 05:00;15.59
ZIPAQUIRA - URBANO;2023-12-24 04:00;17.87
ZIPAQUIRA - URBANO;2023-12-24 03:00;14.37
ZIPAQUIRA - URBANO;2023-12-24 02:00;21.33
ZIPAQUIRA - URBANO;2023-12-24 01:00;25.25
ZIPAQUIRA - URBANO;2023-12-24 00:00;48.69
ZIPAQUIRA - URBANO;2023-12-23 23:00;18.44
ZIPAQUIRA - URBANO;2023-12-23 22:00;28.11
ZIPAQUIRA - URBANO;2023-12-23 21:00;15.81
ZIPAQUIRA - URBANO;2023-12-23 20:00;19.12
ZIPAQUIRA - URBANO;2023-12-23 19:00;17.23
ZIPAQUIRA - URBANO;2023-12-23 18:00;12.54
ZIPAQUIRA - URBANO;2023-12-23 17:00;6.89
ZIPAQUIRA - URBANO;2023-12-23 16:00;6.96
ZIPAQUIRA - URBANO;2023-12-23 15:00;7.42
ZIPAQUIRA - URBANO;2023-12-23 14:00;9.81
ZIPAQUIRA - URBANO;2023-12-23 13:00;11.68
ZIPAQUIRA - URBANO;2023-12-23 12:00;13.5
ZIPAQUIRA - URBANO;2023-12-23 11:00;13.67
ZIPAQUIRA - URBANO;2023-12-23 10:00;18.83
ZIPAQUIRA - URBANO;2023-12-23 09:00;32.69
ZIPAQUIRA - URBANO;2023-12-23 08:00;29.42
ZIPAQUIRA - URBANO;2023-12-23 07:00;35.46
ZIPAQUIRA - URBANO;2023-12-23 06:00;31.85
ZIPAQUIRA - URBANO;2023-12-23 05:00;34.68
ZIPAQUIRA - URBANO;2023-12-23 04:00;26.43
ZIPAQUIRA - URBANO;2023-12-23 03:00;22.63
ZIPAQUIRA - URBANO;2023-12-23 02:00;23.28
ZIPAQUIRA - URBANO;2023-12-23 01:00;19.59
ZIPAQUIRA - URBANO;2023-12-23 00:00;16.29
ZIPAQUIRA - URBANO;2023-12-22 23:00;15.21
ZIPAQUIRA - URBANO;2023-12-22 22:00;20.23
ZIPAQUIRA - URBANO;2023-12-22 21:00;17.6
ZIPAQUIRA - URBANO;2023-12-22 20:00;21.68
ZIPAQUIRA - URBANO;2023-12-22 19:00;17.66
ZIPAQUIRA - URBANO;2023-12-22 18:00;16.53
ZIPAQUIRA - URBANO;2023-12-22 17:00;15.13
ZIPAQUIRA - URBANO;2023-12-22 16:00;14.39
ZIPAQUIRA - URBANO;2023-12-22 15:00;13.11
ZIPAQUIRA - URBANO;2023-12-22 14:00;12.31
ZIPAQUIRA - URBANO;2023-12-22 13:00;9.98
ZIPAQUIRA - URBANO;2023-12-22 12:00;12.3
ZIPAQUIRA - URBANO;2023-12-22 11:00;14.15
ZIPAQUIRA - URBANO;2023-12-22 10:00;19.69
ZIPAQUIRA - URBANO;2023-12-22 09:00;28.64
ZIPAQUIRA - URBANO;2023-12-22 08:00;37.52
ZIPAQUIRA - URBANO;2023-12-22 07:00;26.85
ZIPAQUIRA - URBANO;2023-12-22 06:00;24.87
ZIPAQUIRA - URBANO;2023-12-22 05:00;15.56
ZIPAQUIRA - URBANO;2023-12-22 04:00;14.5
ZIPAQUIRA - URBANO;2023-12-22 03:00;16.34
ZIPAQUIRA - URBANO;2023-12-22 02:00;17.14
ZIPAQUIRA - URBANO;2023-12-22 01:00;13.44
ZIPAQUIRA - URBANO;2023-12-22 00:00;18.22
ZIPAQUIRA - URBANO;2023-12-21 23:00;19.43
ZIPAQUIRA - URBANO;2023-12-21 22:00;19.04
ZIPAQUIRA - URBANO;2023-12-21 21:00;18.36
ZIPAQUIRA - URBANO;2023-12-21 20:00;21.39
ZIPAQUIRA - URBANO;2023-12-21 19:00;18.18
ZIPAQUIRA - URBANO;2023-12-21 18:00;16.85
ZIPAQUIRA - URBANO;2023-12-21 17:00;14.38
ZIPAQUIRA - URBANO;2023-12-21 16:00;14.98
ZIPAQUIRA - URBANO;2023-12-21 15:00;10.24
ZIPAQUIRA - URBANO;2023-12-21 14:00;9.24
ZIPAQUIRA - URBANO;2023-12-21 13:00;10.59
ZIPAQUIRA - URBANO;2023-12-21 12:00;11.34
ZIPAQUIRA - URBANO;2023-12-21 11:00;12.39
ZIPAQUIRA - URBANO;2023-12-21 10:00;13.47
ZIPAQUIRA - URBANO;2023-12-21 09:00;31.87
ZIPAQUIRA - URBANO;2023-12-21 08:00;40.87
ZIPAQUIRA - URBANO;2023-12-21 07:00;42.22
ZIPAQUIRA - URBANO;2023-12-21 06:00;40.98
ZIPAQUIRA - URBANO;2023-12-21 05:00;31.58
ZIPAQUIRA - URBANO;2023-12-21 04:00;22.84
ZIPAQUIRA - URBANO;2023-12-21 03:00;18.41
ZIPAQUIRA - URBANO;2023-12-21 02:00;19.8
ZIPAQUIRA - URBANO;2023-12-21 01:00;24.78
ZIPAQUIRA - URBANO;2023-12-21 00:00;22.84
ZIPAQUIRA - URBANO;2023-12-20 23:00;26.06
ZIPAQUIRA - URBANO;2023-12-20 22:00;23.45
ZIPAQUIRA - URBANO;2023-12-20 21:00;14.34
ZIPAQUIRA - URBANO;2023-12-20 20:00;21.08
ZIPAQUIRA - URBANO;2023-12-20 19:00;11.65
ZIPAQUIRA - URBANO;2023-12-20 18:00;12.64
ZIPAQUIRA - URBANO;2023-12-20 17:00;10.3
ZIPAQUIRA - URBANO;2023-12-20 16:00;8.64
ZIPAQUIRA - URBANO;2023-12-20 15:00;8.05
ZIPAQUIRA - URBANO;2023-12-20 14:00;8.41
ZIPAQUIRA - URBANO;2023-12-20 13:00;10.02
ZIPAQUIRA - URBANO;2023-12-20 12:00;10.48
ZIPAQUIRA - URBANO;2023-12-20 11:00;8.89
ZIPAQUIRA - URBANO;2023-12-20 10:00;18.43
ZIPAQUIRA - URBANO;2023-12-20 09:00;23.93
ZIPAQUIRA - URBANO;2023-12-20 08:00;31.47
ZIPAQUIRA - URBANO;2023-12-20 07:00;25.42
ZIPAQUIRA - URBANO;2023-12-20 06:00;16.02
ZIPAQUIRA - URBANO;2023-12-20 05:00;7.11
ZIPAQUIRA - URBANO;2023-12-20 04:00;12.4
ZIPAQUIRA - URBANO;2023-12-20 03:00;12.81
ZIPAQUIRA - URBANO;2023-12-20 02:00;10.86
ZIPAQUIRA - URBANO;2023-12-20 01:00;14.02
ZIPAQUIRA - URBANO;2023-12-20 00:00;12.77
ZIPAQUIRA - URBANO;2023-12-19 23:00;11.21
ZIPAQUIRA - URBANO;2023-12-19 22:00;12.06
ZIPAQUIRA - URBANO;2023-12-19 21:00;12.29
ZIPAQUIRA - URBANO;2023-12-19 20:00;16.91
ZIPAQUIRA - URBANO;2023-12-19 19:00;10.69
ZIPAQUIRA - URBANO;2023-12-19 18:00;12.19
ZIPAQUIRA - URBANO;2023-12-19 16:00;13.08
ZIPAQUIRA - URBANO;2023-12-19 15:00;11.67
ZIPAQUIRA - URBANO;2023-12-19 14:00;9.6
ZIPAQUIRA - URBANO;2023-12-19 13:00;14.54
ZIPAQUIRA - URBANO;2023-12-19 12:00;18.61
ZIPAQUIRA - URBANO;2023-12-19 11:00;14.61
ZIPAQUIRA - URBANO;2023-12-19 10:00;22.48
ZIPAQUIRA - URBANO;2023-12-19 09:00;20.87
ZIPAQUIRA - URBANO;2023-12-19 08:00;21.91
ZIPAQUIRA - URBANO;2023-12-19 07:00;15.99
ZIPAQUIRA - URBANO;2023-12-19 06:00;14.91
ZIPAQUIRA - URBANO;2023-12-19 05:00;11.44
ZIPAQUIRA - URBANO;2023-12-19 04:00;11.95
ZIPAQUIRA - URBANO;2023-12-19 03:00;11.97
ZIPAQUIRA - URBANO;2023-12-19 02:00;11.36
ZIPAQUIRA - URBANO;2023-12-19 01:00;10.56
ZIPAQUIRA - URBANO;2023-12-19 00:00;11.51
ZIPAQUIRA - URBANO;2023-12-18 23:00;14.68
ZIPAQUIRA - URBANO;2023-12-18 22:00;19.63
ZIPAQUIRA - URBANO;2023-12-18 21:00;25.53
ZIPAQUIRA - URBANO;2023-12-18 20:00;23.71
ZIPAQUIRA - URBANO;2023-12-18 19:00;22.77
ZIPAQUIRA - URBANO;2023-12-18 18:00;12.49
ZIPAQUIRA - URBANO;2023-12-18 17:00;17.46
ZIPAQUIRA - URBANO;2023-12-18 16:00;18.22
ZIPAQUIRA - URBANO;2023-12-18 15:00;14.07
ZIPAQUIRA - URBANO;2023-12-18 14:00;14.84
ZIPAQUIRA - URBANO;2023-12-18 13:00;9.97
ZIPAQUIRA - URBANO;2023-12-18 12:00;10.97
ZIPAQUIRA - URBANO;2023-12-18 11:00;11.01
ZIPAQUIRA - URBANO;2023-12-18 10:00;12.57
ZIPAQUIRA - URBANO;2023-12-18 09:00;16.93
ZIPAQUIRA - URBANO;2023-12-18 08:00;17.64
ZIPAQUIRA - URBANO;2023-12-18 07:00;16.74
ZIPAQUIRA - URBANO;2023-12-18 06:00;10.91
ZIPAQUIRA - URBANO;2023-12-18 05:00;8.13
ZIPAQUIRA - URBANO;2023-12-18 04:00;7.99
ZIPAQUIRA - URBANO;2023-12-18 03:00;8.4
ZIPAQUIRA - URBANO;2023-12-18 02:00;11.22
ZIPAQUIRA - URBANO;2023-12-18 01:00;10.21
ZIPAQUIRA - URBANO;2023-12-18 00:00;10.56
ZIPAQUIRA - URBANO;2023-12-17 23:00;10.02
ZIPAQUIRA - URBANO;2023-12-17 22:00;16.45
ZIPAQUIRA - URBANO;2023-12-17 21:00;14.41
ZIPAQUIRA - URBANO;2023-12-17 20:00;13.31
ZIPAQUIRA - URBANO;2023-12-17 19:00;11.49
ZIPAQUIRA - URBANO;2023-12-17 18:00;14.04
ZIPAQUIRA - URBANO;2023-12-17 17:00;12.63
ZIPAQUIRA - URBANO;2023-12-17 16:00;15.71
ZIPAQUIRA - URBANO;2023-12-17 15:00;15.8
ZIPAQUIRA - URBANO;2023-12-17 14:00;10.09
ZIPAQUIRA - URBANO;2023-12-17 13:00;11.29
ZIPAQUIRA - URBANO;2023-12-17 12:00;10.58
ZIPAQUIRA - URBANO;2023-12-17 11:00;10.65
ZIPAQUIRA - URBANO;2023-12-17 10:00;16.3
ZIPAQUIRA - URBANO;2023-12-17 09:00;22.49
ZIPAQUIRA - URBANO;2023-12-17 08:00;14.0
ZIPAQUIRA - URBANO;2023-12-17 07:00;7.85
ZIPAQUIRA - URBANO;2023-12-08 09:00;7.04
ZIPAQUIRA - URBANO;2023-12-08 08:00;7.68
ZIPAQUIRA - URBANO;2023-12-08 07:00;11.59
ZIPAQUIRA - URBANO;2023-12-08 06:00;11.39
ZIPAQUIRA - URBANO;2023-12-08 05:00;11.92
ZIPAQUIRA - URBANO;2023-12-08 04:00;8.08
ZIPAQUIRA - URBANO;2023-12-08 03:00;6.15
ZIPAQUIRA - URBANO;2023-12-08 02:00;6.06
ZIPAQUIRA - URBANO;2023-12-08 01:00;6.64
ZIPAQUIRA - URBANO;2023-12-08 00:00;8.72
ZIPAQUIRA - URBANO;2023-12-07 23:00;7.82
ZIPAQUIRA - URBANO;2023-12-07 22:00;7.65
ZIPAQUIRA - URBANO;2023-12-07 21:00;7.25
ZIPAQUIRA - URBANO;2023-12-07 20:00;10.22
ZIPAQUIRA - URBANO;2023-12-07 19:00;8.96
ZIPAQUIRA - URBANO;2023-12-07 18:00;8.61
ZIPAQUIRA - URBANO;2023-12-07 17:00;7.05
ZIPAQUIRA - URBANO;2023-12-07 16:00;9.0
ZIPAQUIRA - URBANO;2023-12-07 15:00;7.61
ZIPAQUIRA - URBANO;2023-12-07 14:00;10.2
ZIPAQUIRA - URBANO;2023-12-07 13:00;10.72
ZIPAQUIRA - URBANO;2023-12-07 12:00;7.47
ZIPAQUIRA - URBANO;2023-12-07 11:00;8.11
ZIPAQUIRA - URBANO;2023-12-07 10:00;7.72
ZIPAQUIRA - URBANO;2023-12-07 09:00;7.22
ZIPAQUIRA - URBANO;2023-12-07 08:00;13.16
ZIPAQUIRA - URBANO;2023-12-07 07:00;19.3
ZIPAQUIRA - URBANO;2023-12-07 06:00;11.06
ZIPAQUIRA - URBANO;2023-12-07 05:00;6.6
ZIPAQUIRA - URBANO;2023-12-07 04:00;16.16
ZIPAQUIRA - URBANO;2023-12-07 03:00;10.24
ZIPAQUIRA - URBANO;2023-12-07 02:00;16.59
ZIPAQUIRA - URBANO;2023-12-07 01:00;12.03
ZIPAQUIRA - URBANO;2023-12-07 00:00;6.98
ZIPAQUIRA - URBANO;2023-12-06 23:00;10.89
ZIPAQUIRA - URBANO;2023-12-06 22:00;8.84
ZIPAQUIRA - URBANO;2023-12-06 21:00;16.28
ZIPAQUIRA - URBANO;2023-12-06 20:00;9.92
ZIPAQUIRA - URBANO;2023-12-06 19:00;6.0
ZIPAQUIRA - URBANO;2023-12-06 18:00;7.88
ZIPAQUIRA - URBANO;2023-12-06 17:00;6.82
ZIPAQUIRA - URBANO;2023-12-06 16:00;4.11
ZIPAQUIRA - URBANO;2023-12-06 15:00;4.52
ZIPAQUIRA - URBANO;2023-12-06 14:00;4.44
ZIPAQUIRA - URBANO;2023-12-06 13:00;4.04
ZIPAQUIRA - URBANO;2023-12-06 12:00;3.72
ZIPAQUIRA - URBANO;2023-12-06 11:00;5.07
ZIPAQUIRA - URBANO;2023-12-06 10:00;4.94
ZIPAQUIRA - URBANO;2023-12-06 09:00;4.96
ZIPAQUIRA - URBANO;2023-12-06 08:00;20.89
ZIPAQUIRA - URBANO;2023-12-06 07:00;32.88
ZIPAQUIRA - URBANO;2023-12-06 06:00;18.14
ZIPAQUIRA - URBANO;2023-12-06 05:00;9.43
ZIPAQUIRA - URBANO;2023-12-06 04:00;9.87
ZIPAQUIRA - URBANO;2023-12-06 03:00;15.25
ZIPAQUIRA - URBANO;2023-12-06 02:00;11.22
ZIPAQUIRA - URBANO;2023-12-06 01:00;10.2
ZIPAQUIRA - URBANO;2023-12-06 00:00;21.24
ZIPAQUIRA - URBANO;2023-12-05 23:00;16.0
ZIPAQUIRA - URBANO;2023-12-05 22:00;9.61
ZIPAQUIRA - URBANO;2023-12-05 21:00;17.46
ZIPAQUIRA - URBANO;2023-12-05 20:00;6.29
ZIPAQUIRA - URBANO;2023-12-05 19:00;5.66
ZIPAQUIRA - URBANO;2023-12-05 18:00;6.83
ZIPAQUIRA - URBANO;2023-12-05 17:00;6.37
ZIPAQUIRA - URBANO;2023-12-05 16:00;5.77
ZIPAQUIRA - URBANO;2023-12-05 15:00;4.57
ZIPAQUIRA - URBANO;2023-12-05 14:00;4.24
ZIPAQUIRA - URBANO;2023-12-05 13:00;3.91
ZIPAQUIRA - URBANO;2023-12-05 12:00;4.49
ZIPAQUIRA - URBANO;2023-12-05 11:00;4.51
ZIPAQUIRA - URBANO;2023-12-05 10:00;4.87
ZIPAQUIRA - URBANO;2023-12-05 09:00;17.72
ZIPAQUIRA - URBANO;2023-12-05 08:00;27.45
ZIPAQUIRA - URBANO;2023-12-05 07:00;15.47
ZIPAQUIRA - URBANO;2023-12-05 06:00;12.26
ZIPAQUIRA - URBANO;2023-12-05 05:00;15.43
ZIPAQUIRA - URBANO;2023-12-05 04:00;13.22
ZIPAQUIRA - URBANO;2023-12-05 03:00;17.38
ZIPAQUIRA - URBANO;2023-12-05 02:00;18.47
ZIPAQUIRA - URBANO;2023-12-05 01:00;15.78
ZIPAQUIRA - URBANO;2023-12-05 00:00;15.01
ZIPAQUIRA - URBANO;2023-12-04 23:00;12.55
ZIPAQUIRA - URBANO;2023-12-04 22:00;16.29
ZIPAQUIRA - URBANO;2023-12-04 21:00;10.24
ZIPAQUIRA - URBANO;2023-12-04 20:00;11.33
ZIPAQUIRA - URBANO;2023-12-04 19:00;13.39
ZIPAQUIRA - URBANO;2023-12-04 18:00;7.77
ZIPAQUIRA - URBANO;2023-12-04 17:00;7.46
ZIPAQUIRA - URBANO;2023-12-04 16:00;7.06
ZIPAQUIRA - URBANO;2023-12-04 15:00;5.46
ZIPAQUIRA - URBANO;2023-12-04 14:00;4.43
ZIPAQUIRA - URBANO;2023-12-04 13:00;4.99
ZIPAQUIRA - URBANO;2023-12-04 12:00;5.28
ZIPAQUIRA - URBANO;2023-12-04 11:00;4.77
ZIPAQUIRA - URBANO;2023-12-04 10:00;5.62
ZIPAQUIRA - URBANO;2023-12-04 09:00;9.74
ZIPAQUIRA - URBANO;2023-12-04 08:00;19.25
ZIPAQUIRA - URBANO;2023-12-04 07:00;27.47
ZIPAQUIRA - URBANO;2023-12-04 06:00;22.3
ZIPAQUIRA - URBANO;2023-12-04 05:00;15.81
ZIPAQUIRA - URBANO;2023-12-04 04:00;13.16
ZIPAQUIRA - URBANO;2023-12-04 03:00;11.06
ZIPAQUIRA - URBANO;2023-12-04 02:00;16.13
ZIPAQUIRA - URBANO;2023-12-04 01:00;13.11
ZIPAQUIRA - URBANO;2023-12-04 00:00;11.47
ZIPAQUIRA - URBANO;2023-12-03 23:00;10.56
ZIPAQUIRA - URBANO;2023-12-03 22:00;9.55
ZIPAQUIRA - URBANO;2023-12-03 21:00;8.93
ZIPAQUIRA - URBANO;2023-12-03 20:00;8.45
ZIPAQUIRA - URBANO;2023-12-03 19:00;9.87
ZIPAQUIRA - URBANO;2023-12-03 18:00;7.05
ZIPAQUIRA - URBANO;2023-12-03 17:00;7.12
ZIPAQUIRA - URBANO;2023-12-03 16:00;6.7
ZIPAQUIRA - URBANO;2023-12-03 15:00;6.68
ZIPAQUIRA - URBANO;2023-12-03 14:00;6.66
ZIPAQUIRA - URBANO;2023-12-03 13:00;7.29
ZIPAQUIRA - URBANO;2023-12-03 12:00;7.52
ZIPAQUIRA - URBANO;2023-12-03 11:00;11.42
ZIPAQUIRA - URBANO;2023-12-03 10:00;16.6
ZIPAQUIRA - URBANO;2023-12-03 09:00;18.28
ZIPAQUIRA - URBANO;2023-12-03 08:00;22.49
ZIPAQUIRA - URBANO;2023-12-03 07:00;20.97
ZIPAQUIRA - URBANO;2023-12-03 06:00;25.25
ZIPAQUIRA - URBANO;2023-12-03 05:00;26.7
ZIPAQUIRA - URBANO;2023-12-03 04:00;18.35
ZIPAQUIRA - URBANO;2023-12-03 03:00;20.0
ZIPAQUIRA - URBANO;2023-12-03 02:00;15.89
ZIPAQUIRA - URBANO;2023-12-03 01:00;17.5
ZIPAQUIRA - URBANO;2023-12-03 00:00;14.7
ZIPAQUIRA - URBANO;2023-12-02 23:00;12.41
ZIPAQUIRA - URBANO;2023-12-02 22:00;9.74
ZIPAQUIRA - URBANO;2023-12-02 21:00;10.08
ZIPAQUIRA - URBANO;2023-12-02 20:00;11.27
ZIPAQUIRA - URBANO;2023-12-02 19:00;11.38
ZIPAQUIRA - URBANO;2023-12-02 18:00;7.95
ZIPAQUIRA - URBANO;2023-12-02 17:00;7.99
ZIPAQUIRA - URBANO;2023-12-02 16:00;6.98
ZIPAQUIRA - URBANO;2023-12-02 15:00;5.58
ZIPAQUIRA - URBANO;2023-12-02 14:00;5.6
ZIPAQUIRA - URBANO;2023-12-02 13:00;5.43
ZIPAQUIRA - URBANO;2023-12-02 12:00;4.72
ZIPAQUIRA - URBANO;2023-12-02 11:00;7.54
ZIPAQUIRA - URBANO;2023-12-02 10:00;8.31
ZIPAQUIRA - URBANO;2023-12-02 09:00;9.13
ZIPAQUIRA - URBANO;2023-12-02 08:00;18.43
ZIPAQUIRA - URBANO;2023-12-02 07:00;48.55
ZIPAQUIRA - URBANO;2023-12-02 06:00;29.67
ZIPAQUIRA - URBANO;2023-12-02 05:00;26.99
ZIPAQUIRA - URBANO;2023-12-02 04:00;24.27
ZIPAQUIRA - URBANO;2023-12-02 03:00;17.38
ZIPAQUIRA - URBANO;2023-12-02 02:00;14.61
ZIPAQUIRA - URBANO;2023-12-02 01:00;10.71
ZIPAQUIRA - URBANO;2023-12-02 00:00;8.0
ZIPAQUIRA - URBANO;2023-12-01 23:00;11.41
ZIPAQUIRA - URBANO;2023-12-01 22:00;9.99
ZIPAQUIRA - URBANO;2023-12-01 21:00;10.13
ZIPAQUIRA - URBANO;2023-12-01 20:00;5.67
ZIPAQUIRA - URBANO;2023-12-01 19:00;7.13
ZIPAQUIRA - URBANO;2023-12-01 18:00;7.94
ZIPAQUIRA - URBANO;2023-12-01 17:00;8.82
ZIPAQUIRA - URBANO;2023-12-01 16:00;8.06
ZIPAQUIRA - URBANO;2023-12-01 15:00;4.8
ZIPAQUIRA - URBANO;2023-12-01 14:00;4.66
ZIPAQUIRA - URBANO;2023-12-01 13:00;4.21
ZIPAQUIRA - URBANO;2023-12-01 12:00;3.87
ZIPAQUIRA - URBANO;2023-12-01 11:00;4.01
ZIPAQUIRA - URBANO;2023-12-01 10:00;6.81
ZIPAQUIRA - URBANO;2023-12-01 09:00;11.32
ZIPAQUIRA - URBANO;2023-12-01 08:00;28.86
ZIPAQUIRA - URBANO;2023-12-01 07:00;33.44
ZIPAQUIRA - URBANO;2023-12-01 06:00;30.66
ZIPAQUIRA - URBANO;2023-12-01 05:00;33.71
ZIPAQUIRA - URBANO;2023-12-01 04:00;21.73
ZIPAQUIRA - URBANO;2023-12-01 03:00;17.26
ZIPAQUIRA - URBANO;2023-12-01 02:00;11.9
ZIPAQUIRA - URBANO;2023-12-01 01:00;10.15
ZIPAQUIRA - URBANO;2023-12-01 00:00;8.26
